id,heavy_seq,light_seq,reactivity_count,source,family,label
flu_00001,GAGGTGCAGCTGGTGGAGTCTGGGGGAGGCCTGGTCAAGCCGGGGGGGTCCCTGAGACTCTCCTGTTCAGCCTCTGGATTCACCTTCAGTAGCTATACCATGCACTGGGTCCGCCAGGCTCCAGGGAAGG,,0,flu,influenza,0
flu_00002,GAGGTGCAGCTGGTGGAGTCTGGAGGAGGCTTGATCCAGCCTGGGGGGTCCCTGAGACTCTCCTGTGCAGCCTCGGGGTTCACCGTCAATAGCAACTACATGAGCTGGGTCCGCCAGCCTCCAGGGAAAG,,0,flu,influenza,0
flu_00003,NAGGTGCAGCTGGTGCAGTCTGGGGCTGAGGTGACGAAGCCTGGGTCCTCGGTGAAGGTCTCCTGCGAGGCCTCTGGAGGCACCTTCAGCAGCCGTGCCATCTCCTGGGTGCGGCAGGCCCCTGGACAAG,,5,flu,influenza,1
flu_00004,NAGGTGCAGCTGGTGCAGTCTGGGTCTGAGGTGAAGAAGCCTGGGTCCTCGGTGAAGGTCTCCTGCAAGGTTTCTGGAGGCATTATGAGAAGAAATGGTGTCAGTTGGGTGCGACAGGCCCCTGGACAAG,,4,flu,influenza,1
flu_00005,GAGGTGCAGCTGTTGGAGTCTGGGGGAGGTTTGGTACAGCCTGGGGGGTCCCTGAGACTCTCCTGTGCAGCCTCTGGATTCATCTTTGGGCACTTTGCCATGACCTGGGTCCGCCAGGCTCCAGGGAAGG,,6,flu,influenza,1
flu_00006,CAGGTGCAGCTACAGCAGTGGGGCGCAGGACTGTTGAAGTCTTCGGAGACCCTGTCCCTCACGTGCGCTGTCTATGGTGGGTCCTTCAGTGGTTACTACTGGAGCTGGATCCGCCAGCCCCCAGGGAAGG,,6,flu,influenza,1
flu_00007,CAGGTGCAGCTGGTGGAGTCTGGGGGAGGCGTGGTCCAGCCCGGGAGGTCCCTGAGACTCTCCTGTGCAGCCTCTGGATTCACCTTCAGTACCTATGGCATGCACTGGGTCCGCCAGGCTCCAGGCAAGG,,6,flu,influenza,1
flu_00008,CAGGTGCAGCTGCAGGAGTCGGGCCCAGGGCTGGTGAAGCCTTCGGAGACCCTGTCCCTCACCTGCACTGTCTCTGGTGGCTCCATCAGTGGTCACTACTGGACCTGGATCCGGCAGCCCCCAGGGAAGG,,5,flu,influenza,1
flu_00009,NAGGTGCAGCTGGTGCAGTCTGGGGCTGAGGTGAAGAAGCCTGGGGCCTCAGTGAAGGTCTCCTGCAAGGCTTCTGGATACACCTTCACCGGCTACTATATACACTGGGTGCGACAGGCCCCTGGACAAG,,4,flu,influenza,1
flu_00010,GAGGTGCAGCTGTTGGAGTCTGGCGGAGCCTTGGTGCAGCCTGGGGGGTCCCTGAGACTCTCCTGTACAGCGTCTGGATTCACCCTTGGTCATTTTGCCATGGCTTGGGTCCGCCAGGCTCCAGGGAAGG,,6,flu,influenza,1
flu_00011,NAGGTGCAGCTGGTGCAGTCTGGGGCTGAGGTGAAGAAGCCTGGGTCCTCGGTGAAGGTCTCCTGCAAGGCTTCTGGAGGCACCTTCAGCAGCTTTGCTATCAGCTGGGTGCGACAGGCCCCCGGACAAG,,5,flu,influenza,1
flu_00012,NAGGTGCAGCTGGTGCAGTCTGGGGCTGAGGTGAAGAGGCCTGGGTCCTCGGTGAAGATCTCCTGCAAGGCTTCTGGGGGCCCCTTCATCAACTTTGCTATCAGCTGGGTGCGACAGGCCCCGGGACAAG,,4,flu,influenza,1
flu_00013,GAGGTGCAGCTGTTGGAGTCTGGGGGAGGCTTGGTACAGCCTGGGGGGTCCCTGAGACTCTCCTGTGCAGCCTCTGGATTCACCTTTAGCAACTATGGCATGACCTGGGTCCGCCAGGCTCCAGGGAAGG,,5,flu,influenza,1
flu_00014,NAGGTGCAGCTGGTGCAGTCTGGGGCTGAGGTGAAGAAGCCTGGGGCCTCAGTGAAGGTCTCCTGCAAGGCTTCTGGATACACCTTCACCGGCTACTATATACACTGGGTGCGGCAGGCCCCTGGACAAG,,0,flu,influenza,0
flu_00015,CAGGTGCAGCTGCAGGAGTCGGGCCCAGGACTTGTGAGGCCTTCGGAGACCCTGTCCCTCACCTGCACTGTCTCTGGTTACTCCATCAGCAGTGGTTCCTATTGGGGCTGGATCCGGCAGCCCCCAGGGA,,6,flu,influenza,1
flu_00016,GAGGTGCAGCTGGTGGAGTCTGGGGGAGGCTTGGTACAGCCTGGGGGGTCCCTAAGACTCTCCTGTGCAGCCTCTGGATTCACCTTCAATACTTATAACATGAACTGGGTCCGTCAGGCTCCAGGGAAGG,,6,flu,influenza,1
flu_00017,GAGGTGCAGCTGTTGGAGTCTGGGGGGGGCTTGGTGCAGCCTGGGGGGTCCCTGAGACTCTCCTGTGCAGCCTCTGGATTCACCTTTGGTGCTTTTGCCATGACTTGGGTCCGCCAGGCTCCAGGGAAGG,,4,flu,influenza,1
flu_00018,GAGGTGCAGCTGTTGGAGTCTGGGGGAGCCTTGGTGCAGCCTGGGGGGTCCCTGAGACTCTCCTGTGCAGCCTCTGGATTCACCTTTCATCAGTTTGCCATGACTTGGGTCCGCCAGGCTCCAGGGAAGG,,6,flu,influenza,1
flu_00019,NAGGTGCAGCTGGTGCAGTCTGGGCCTGAGGTGAGGAAGCCTGGGGCCTCAGTGAAGGTCTCCTGCAAGGCTTCTGGATACACCTTCACCAATCATGATATCAATTGGGTGCGGCAGGCCCCTGGACAAG,,6,flu,influenza,1
flu_00020,GAGGTGCAGCTGTTGGAGTCTGGGGGAGGCTTGGTACAGCCTGGGGGGTCCCTGAGACTCTCCTGTGCAGCCTCTGGATTTACCTCAGGCACCTATGCCATGAGCTGGGTCCGCCAGGCTCCAGGGAAGG,,6,flu,influenza,1
flu_00022,NAGGTGCAGCTGGTGCAGTCTGGGGCTGAGATGAAGAAGCCTGGGTCCTCGGTGAAGGTCTCCTGTACGGCTTCTGGAGGCCCCTTCTTCAGCACTTATGGTCTCATGTGGGTGCGACAGGCCCCTGGAC,,5,flu,influenza,1
flu_00024,NAGGTGCAGCTGGTGCAGTCTGGGGCTGAGGTGAAGAAGCCTGGGTCCTCGGTGAAGGTCTCCTGCAAGGCTTCTGGAGGCAGTTTCAGCAGCTTTGGTATCAGCTGGGTGCGACAGGCCCCAGGACAAG,,5,flu,influenza,1
flu_00026,NAGGTGCAGCTGGTGCAGTCTGGGGCTGAGGTGAAGAAGCCTGGGTCCTCGGTGAAGGTCTCCTGCAAGGCTTTTGGAGTCATCTTTAGTAATTATGCTATCACCTGGGTGCGACAGGCCCCTGGACAAG,,6,flu,influenza,1
flu_00027,NAGGTGCAGCTGGTGGAGTCTGGGGGAGGCTTGGTCACGCCTGGAGGATCCCTGAGACTCTCCTGTGTAGCCTCTGGCTTCTCCTTCGGTGACTTCTACATGGGCTGGATCCGCCAGGCTCCAGGGAAGG,,4,flu,influenza,1
flu_00029,NAGGTGCAGCTGGTGCAGTCTGGGGCTGAGGTGAAGAAGCCTGGGTCCTCGGTGAAGGTCTCCTGTAAGGCTTCTGGAGGCACCTTCAGCACCTATGGTTTCAGCTGGGTGCGACAGGCCCCTGGACAAG,,6,flu,influenza,1
flu_00030,CAGGTGCAGCTGCAGGAGTCGGGCCCAGGGCTCCTGAAGCCGTCGGAGACGCTGTCCCTCACCTGCACTGTCTCTGGTGACTCCATCACTAATTACTACTGGAACTGGATCCGGCAGCCCCCAGGGAAGG,,0,flu,influenza,0
flu_00032,CAGGTGCAGCTGCAGGAGTCGGGCCCACGACTGGTGAAGCCTTCAGAGACCCTGTCCCTCATCTGCACTGTCTCCGGGGACGACTTCACTAGTGGAGGTTTCTACTGGAGTTGGATCCGCCAGAACCCAG,,6,flu,influenza,1
flu_00033,GAGGTGCAGCTGGTGGAGTCTGGGGGAGGCCTGGTCAAGCCGGGGGGGTCCCTGAGAGTCTCTTGTGCAGCCTCTGGATTCATCTTCGGTACCTTTGGCATGAACTGGGTCCGCCAGGCTCCAGGGAAGG,,6,flu,influenza,1
flu_00034,GAGGTGCAGCTGGTGGAGTCTGGGGGAGGCTTGGTCCAGCCTGGGGGGTCCCTGAGACTCTCCTGTGCAGCCTCTGGATTCATCTTTAGTAGCTATTGGATGAGTTGGGTCCGCCAGGCTCCAGGGAAGG,,0,flu,influenza,0
flu_00035,GAGGTGCAGCTGGTGGAGTCTGGGGGAGGCTTGGTCCAGCCTGGGGGGTCCCTGAGACTCTCCTGTGCAGCCTCTGGATTCACCTTTACTAGGCATTGGATGAGCTGGGTCCGCCAGGCTCCAGGGAAGG,,6,flu,influenza,1
flu_00036,GAGGTGCAGCTGGTGGAGTCTGGGGGAGGCTTGGTACAGCCAGGGCGGTCCCTGAGACTCTCCTGTACAGCTTCTGGATTCACCTTTGGTGATTATGCTATGAGCTGGGTCCGCCAGGCTCCAGGGAAGG,,5,flu,influenza,1
flu_00037,CAGGTGCAGCTGCAGGAGTCGGGCCCAGGACTGGTGAAGCCTTCGGAGACCCTGTCCCTCACCTGCACTGTCTCTGGTGGCTCCGTCAGCAGTTGGACTTACTACTGGACCTGGATCCGGCAGCCCCCCG,,6,flu,influenza,1
flu_00039,NAGGTGCAGCTGGTGCAGTCTGGGGCTGAGGTGAAGAGGCCTGGGTCCTCGGTGAAGGTCTCCTGCAAGGCTTCTGGAGGCCCCTTCATGAGCTATACTGTCACCTGGGTGCGACAGGTCCCTGGACAAG,,6,flu,influenza,1
flu_00040,CAGGTGCAGCTGCAGGAGTCGGGCCCAGGACTGGTGAAGCCTTCGGAGACCCTGTCCCTCACCTGCACTGTCTCTGGTGGCTCCATCAGTAGTTACTACTGGAGCTGGATCCGGCAGCCCCCAGGGAAGG,,6,flu,influenza,1
flu_00041,GAGGTGCAGCTGTTGGAGTCTGGGGGAGTCTTGGTACAGCCTGGGGGGTCCCTGAGACTCTCCTGCGCGGCCTCTGCATTCACCTTTAGCAGCTATACCATGAACTGGGTCCGCCAGGCTCCAGGGAAGG,,6,flu,influenza,1
flu_00042,NAGGTGCAGCTGGTGCAGTCTGGGGCTGAGGTGAAGAAGCCTGGGTCCTCGGTGAAGGTCTCCTGCAAGGCTTCTGGAGGCACCTTCAGGAGCTTTGCTATCAGCTGGGTGCGACAGGCCCCTGGACAAG,,6,flu,influenza,1
flu_00043,NAGGTGCAGCTGGTGCAGTCTGGGGCTGAGGTGAAGAAGCCTGGGTCCTCGGTGAAGGTCTCCTGCAAGGCTTCTGGAGGCACCTTCAGCAGCTATGCTATCAGCTGGGTGCGACAGGCCCCTGGACAAG,,4,flu,influenza,1
flu_00044,NNNNNNNNNNNNNNNNNNTCTGGGGGAGGCCTGGCACAGCCTGGGGGGTCCCTGAGACTCTCCTGTGCAGCCTCTGGATTCTCCTTTAGCACGTTTGCCTTGAACTGGGTCCGCCAGGCTCCCGGGAAGG,,6,flu,influenza,1
flu_00045,NAGGTGCAGCTGGTGCAGTCTGGGGCTGAGGTGAAGAAGCCTGGGGCCTCAGTGATGCTTTCCTGCAAGGCATCTGGATACACCTTCACCAGGTATTATATCCACTGGATGCGACAGGCCCCTGGACAAG,,6,flu,influenza,1
flu_00047,TCCTATGAGCTGACTCAGGCACCCTCAGTGTCAGCGGCCCCAGGTGAGACGGCCAGGATTACCTGTGGGGGAAACAACATTGGAAGTCAAAGTGTGCACTGGCACCAGCAGAAGCCAGGCCAGGCCCCTG,,6,flu,influenza,1
flu_00049,GAGGTGCAGCTGGTGGAGTCTGGGGGAGCCTGGGTCCAGCCGGGGGAGTCCCTGAGACTCTCCTGTGCAGCCTCTGGATTCACCTTTAGGAGTCATTGGATGAGTTGGGTCCGCCAGGCTCCAGGGAGAG,,0,flu,influenza,0
flu_00050,GAGGTGCAGCTGTTGGAGTCTGGGGGAGGCTTGGTGCGGCCTGGGGGGTCCCTGAGACTCTCCTGTACAGCCTCTGGATTCACCTTTAGCAGCTATGCCATGAGCTGGGTCCGCCAGGCTCCAGGGAAGG,,6,flu,influenza,1
flu_00051,NAGGTGCAGCTGGTGCAGTCTGGGGCTGAGGTGAAGAAGCCTGGGTCCTCGGTGAAGGTCTCCTGCAAGGCCTCTGGAGGCACCTTCAGCAGCTATGCTATTAGCTGGGTGCGACAGGCCCCTGGACAAG,,6,flu,influenza,1
flu_00052,GAGGTGCAGCTGTTGGAGTCTGGGGGAGGCTTGGTACAGCCTGGGGGGTCCCTGAGACTCTCCTGTGCAGCCTCTGGATTCACATTTGGCAGCTATGCCATGACCTGGGTCCGCCAGGCTCCAGGGAAGG,,6,flu,influenza,1
flu_00053,CAGGTGCAGCTGCAGGAGTCGGGCCCAGGACTGGTGAAGCCTTCACAGACCCTGTCCCTCACCTGCACTGTCTCTGGTGGCTCCATCAGAAGTGGTATTCACTACTGGAGCTGGATCCGCCAATTCCCAG,,0,flu,influenza,0
flu_00054,GAGGTGCAGCTGTTGGAGTCTGGGGGAGGCTTGGTACAGCCTGGGGGGTCCCTGAGACTCTCCTGTGCAGCCTCTGGATTCACCTTTACTAGCTATGCCATGAGGTGGGTCCGCCAGGCTCCAGGGAAGG,,6,flu,influenza,1
flu_00055,CAGGTGCAGCTGCAGGAGTCGGGCCCAGGACTGGTGAAGCCTTCACAGACCCTGTCCCTCACCTGCACTGTCTCTGGCGGCTCCATCAGAAGTGGTGGTTACTACTGGAGTTGGATCCGCCAGCACCCAG,,0,flu,influenza,0
flu_00056,NAGGTGCAGCTGGTGGAGTCTGGGGGAGGCTTGGTCAAGCCTGGAGGGTCCCTGAGACTCTCCTGTGCAGCCTCTGGATTTATCTTCAGTGACTATTACATGAGCTGGATCCGCCAGGCTCCAGGGAAGG,,0,flu,influenza,0
flu_00057,GAGGTGCAGCTGTTGGAGTCTGGGGGAGGCTTGGTACAGCCTGGGAAGTCCCTCAGACTCTCCTGTGCAGCCTCTGGATTCACCTTTAGCAACTACGTCATGAGCTGGGTCCGCCAGGCTCCAGGGAAGG,,6,flu,influenza,1
flu_00059,NAGGTGCAGCTGGTGCAGTCTGGACCTGAGATGAAGAAGCCTGGGGCCTCAGTGAAGGTCTCCTGCAAGACTTCTGGTTACAGGTTTACCAGATATGGGATCAGTTGGGTGCGGCAGGCCCCTGGACGGG,,6,flu,influenza,1
flu_00060,GAGGTGCAGCTGGTGGAGTCTGGGGGAGGCTTGGTACAGCCTGGGGGGTCCCTGAGACTCTCCTGTGCAGGCTCTGGATTCTCCTTCAGTAGTTATAGCATGAACTGGGTCCGCCAGGCTCAAGGGAGGG,,0,flu,influenza,0
flu_00061,GAGGTGCAGCTGGTGGAGTCTGGGGGAGGCCTGGTCAAGCCTGGGGGGTCCCTGAGACTCTCCTGTGCAGCCTCTGGATTCACCTTCCCTGGCTATAACATGAACTGGGTCCGCCAGGCTCCAGGGAAGG,,5,flu,influenza,1
flu_00062,CAGGTGCAGCTGCAGGAGTCGGGCCCAGGACTGGTGAAGCCTTCACAGACCCTGTCCCTCACCTGCGCTGTCTCTGGTGACTCTATCAGCAGTGGTATTTACTTCTGGAGCTGGATCCGACAGCCCCCCG,,6,flu,influenza,1
flu_00064,NAGGTGCAGCTGGTGCAGTCTGGAGCTGAGGTGAAGAAGCCTGGGGCCTCAGTGAGGGTCTCCTGCAAGGCTTCTGGTTACACCTTAAGCAATTTTGGTATCGGCTGGGTGCGACAGGCCCCTGGACAAG,,4,flu,influenza,1
flu_00065,CAGGTGCAGCTGCAGGAGTCGGGCCCCGGACTGGTGAAGCCTTCGGAGACCCTGTCCCTCACTTGCTCTGTCTCTGGTGGCTCCATCAGTCCTCACTACTGGAGCTGGATCCGGCAGCCCCCAGGGAAGG,,0,flu,influenza,0
flu_00066,NAGGTGCAGCTGGTGGAGTCTGGGGGAGGCTTGGTCAAGCCTGGAGGGTCCCTGAGACTCTCCTGTGCAGCCTCTGGATTCACCTTCAGTGACTCCTACATGACCTGGATCCGTCAGGCTCCAGGGAAGG,,6,flu,influenza,1
flu_00067,NNNGTGCAGCTGGTGCAGTCTGGAGCAGAGGTGAAAAAGCCCGGGGAGTCTCTGAGGATCTCCTGTAAGGCTTCTGGATACAGCTTTACCAGTTCCTGGATCAACTGGGTGCGCCAGAAGGCCGGGAAAG,,4,flu,influenza,1
flu_00068,GAGGTGCAGCTGGTGGAGTCTGGGGGAGGCTTGGTCCAGCCTGGGGGGTCCCTGAGACTCTCCTGTGCAGCCTCTGGATTCACCTTTAGTAGTTATTCGATGAGCTGGGTCCGCCAGGCTCCAGGGAAGG,,0,flu,influenza,0
flu_00072,GAGGTGCAGCTGGTGGAGTCTGGGGGAGGCTTGGTCCGGCCTGGGGGGTCCCGGAGACTCTCCTGTGCAGCCTCTGGATTCACCTTTAGCAGTTATTCGATGAGCTGGGTCCGCCAGGCTCCAGGGAAGG,,5,flu,influenza,1
flu_00074,NAGGTGCAGCTGGTGCAGTCTGGGGCTGAGGTGAAGAAGCCTGGGGCCTCAGTGAAGGTCTCCTGCAAGGCTTCTGGATTCACCTTCAGCGACCTCTATATACACTGGGTGCGCCAGGCCCCTGGACAGG,,0,flu,influenza,0
flu_00078,GAGGTGCAGCTGGTGGAGTCTGGGGGAGGCTTGGTCCAGCCTGGGGGGTCCCTGAGACTCTCCTGTGCAGCCTCTGGATTCACCTTTAGTACTCATTCGATGAGCTGGGTCCGCCAGGCTCCAGGGAAGG,,0,flu,influenza,0
flu_00079,GAGGTGCAGCTGGTGGAGTCTGGGGGAGGCTTGGTCCGGCCTGGGGGGTCCCTGAGACTCTCCTGTGCAGCCTCTGGATTCACCTTTAGTAGTTATTCGATGAGCTGGGTCCGCCAGGCTCCAGGGAAGG,,0,flu,influenza,0
flu_00081,NAGGTGCAGCTGGTGCAGTCTGGGGCTGAGGTAAAGAAGCCTGGGACCTCAGTGAAAGTCTCCTGCAAGGCTTCTGGATACATCTTCTCCGGCTCCTATATCCAGTGGGTACGACAGGCCCCTGGGCAAG,,0,flu,influenza,0
flu_00082,NAGGTGCAGCTGGTGCAGTCTGGGGCTGAGGTGAAGAGGCCCGGGGCCTCAGTGAAGGTCTCCTGCAAGGCTGCGGGATTCACGTTGAACAACCTCTACATACACTGGGTGCGACAGGCCCCTGGACAGG,,0,flu,influenza,0
flu_00083,GAGGTGCAGCTGGTGGAGTCTGGGGGAGGCTTGGTCCAGCCTGGGGGGTCCCTGAGACTCTCCTGTGCGGCCTCTGGATTCACCTTTAGTAGTTATTCCATGACTTGGGTCCGCCAGGCCCCAGGGAAGG,,0,flu,influenza,0
flu_00085,GAGGTGCAGCTGGTGGAGTCTGGGAGAGGCTTGGTCCACCCTGGGGGGTCCCTGAGACTCTCCTGTGCAGCCTCTGGATTCACCTTTAGTAGTTATTCGATGAGTTGGGTCCGCCAGGCTCCAGGGAAGG,,0,flu,influenza,0
flu_00087,NAGGTGCAGCTGGTGCAGTCTGGGGCTGAGGTAAAGAAGCCTGGGACCTCAGTGAAAGTCTCCTGCAAGGCTTCTGGATACGTCTTCTCCGACTCCTATATTCAATGGGTACGACAGGCCCCTGGACAAG,,0,flu,influenza,0
flu_00088,NAGGTGCAGCTGGTGCAGTCTGGGGCTGAGGTAAAGAAGCCTGGGACCTCAGTGAAAGTCTCCTGCAAGGCTTCTGGATACATCTTCTCCGGCTCCTATATTCAATGGGTACGACAGGCCCCTGGACAAG,,0,flu,influenza,0
flu_00095,NNNNTGCAGCTGCAGGAGTCGGGCCCAGGACTGGTGAAGCCTTCGGAGACCCTGTCCCTCACCTGCACTGTCTCTGGTGGCTCCATCAGCAATAATATTTACTACTGGACCTGGATCCGCCAGCCCCCAG,,4,flu,influenza,1
flu_00096,GAAGTGCAGCTGGTGGAGTCTGGGGGAGGCTTGGTACAGCCTGGGAGGTCCCTGAGACTCTCCTGTGCAGCCTCTGGATTCATCTTTAATGATTATGCCATGCACTGGGTCCGGCAAGTTCCAGGGAAGG,,0,flu,influenza,0
flu_00099,NAGGTGCAGCTGGTGCAGTCTGGACCTGAGGTGAAGAAGCCTGGGGCCTCAATTAAGGTCTCCTGCAGGGCTTCAGGATACACCTTTTCCAATTATGGAATCACCTGGGTGCGACAGGCCCCTGGACAAG,,6,flu,influenza,1
flu_00100,GAGGTGCAGCTGGTGGAGTCCGGGGGAAAGGTCGTTCAGCCGGGGGGGTCCCTGAGACTCTCCTGTGCAGCCTCTGGATTCACCTTCAGTAGTTCCTGGATGCACTGGGTCCGCCAAGCTCCAGGGCAGG,,5,flu,influenza,1
flu_00101,NAGGTGCAGCTGGTGCAGTCTGGAGCTGAGGTGAAGAGGCCTGGGGCCTCACTGAAGGTCTCCTGCAAGGCCTCTGGTTACAGCTTTACCACCTACGGGATCACCTGGGTGCGACAGGCCCCTGGACAAG,,4,flu,influenza,1
flu_00102,GAGGTGCAGCTGGTGGAGTCTGGGGGAGGCCTGGTCAAGCCTGGGGGGTCCCTGAGACTGTCTTGTGCAGCCTCTGGATTCATATTCAGTGACTATACCATGAATTGGGTCCGCCAGGTTCCAGGGAAGG,,5,flu,influenza,1
flu_00103,GAGGTGCAGCTGGTGGAGTCCGGGGGAGGCTTAGTTCAGCCGGGGGGGTCCCTGAGACTCTCCTGTGCAGCCTCTGGATTCTCCTTCAGTAGTTTCTGGATGCACTGGGTCCGCCAAGTTCCAGGGAAGG,,5,flu,influenza,1
flu_00104,GAGGTGCAGCTGGTGGAGTCTGGGGGAGGCCTGGTCAAGCCTGGGGGGTCCCTAAGAATCTCATGTTCATCCTCTGGATTCACCTTCAGTGACTATACCATGAATTGGGTCCGCCAGGCTCCAGGGAAGG,,5,flu,influenza,1
flu_00105,CAGGTGCAGCTGCAGGAGTCGGGCCCAGGACTGCTGAAGCCTTCGGAGACCCTGTCCCTCACCTGCACTGTCTCTGGTGGCTCCATCAGTAAATATTACTGGACCTGGATCCGGCAGCCCCCAGGGAAGA,,5,flu,influenza,1
flu_00106,NAGGTGCAGCTGGTGCAGTCTGGGGCTGAGGTGAAGAAGCCTGGGTCCTCGGTGAAGGTCTCCTGCAAGGCCTCTGGAGTCATCTTCAGCAACTATGCTATCGGCTGGGTGCGACAGGCCCCTGGACAAG,,5,flu,influenza,1
flu_00107,GAGGTGCAGCTGGTGGAGTCCGGGGGAAAGGTAGTTCAGCCGGGGGGGTCCCTGAGACTCTCCTGTGCAGGCTCTGGATTCACCTTCAGTAGTTCCTGGATGCACTGGGTCCGCCAAGTTCCAGGGAAGG,,5,flu,influenza,1
flu_00108,CAGGTGCAGCTGGTGGAGTCTGGGGGAGGCGTGGTCCAGCCTGGGAGGTCCCTGAGACTCTCCTGTGCAGCCTCTGGATTCACCTTCAGTTCCTATGGCATCCACTGGGCCCGCCGGGTTCCAGGCAAGG,,6,flu,influenza,1
flu_00109,GAGGTGCAGCTGGTGGAGTCGGGGGGAGACTTAGTTCAGCCGGGGGGGTCCCTGAGACTCTCCTGTGCAGGCTCTGGATTCACCTTCAGTAGTTCCTGGATGCACTGGGTCCGCCAAGCTCCAGGGAAGG,,5,flu,influenza,1
flu_00110,NNNNTGCAGCTGCAGGAGTCGGGCCCAGGACTGGTGAAGCCTTCGGAGACCCTGTCCCTCACCTGCAGTGTCTCTGGTGACTCCATTACTTGTAGTAGTTGCTACTGGGGCTGGATCCGCCAGCCCCCAG,,4,flu,influenza,1
flu_00111,NNNNTGCAGCTGCAGGAGTCGGGCCCAGGACTGGTGAAGCCTTCGGAGACCCTGTCCCTCACCTGCGCTGTCTCTGGGGGCTCCATGAGGAGTAGTAGTTACTACTGGGGCTGGATCCGCCAGCCCCCAG,,6,flu,influenza,1
flu_00113,CAGGTGCAGCTGCAGGAGTCGGGCCCAGGACTGGTGAAGCCTTCGGAGACCCTGTCCCTCACCTGCACTGTCTCTGGTGGCTCCATCAGTACTTACTACTGGACCTGGATCCGACAGTCCCCAGGGAAGG,,5,flu,influenza,1
flu_00114,CAGGTGCAGCTGCAGGAGTCGGGCCCAGGACTGGTGAAGCCTTCGGAGACCCTGTCCCTCACCTGCACTGTCTCTGGTGGCTCCATCAGAAGTTACTACTGGAGTTGGATCCGGCAGCCCCCAGGAAAAG,,5,flu,influenza,1
flu_00118,GAGGTGCAGCTGTTGGAGTCTGGGGGAGGCTTGGTGCAGCCGGGGGGGTCCCTGAGACTCTCCTGTGAAGCCTCTGGATTCACCTTTATCAGTTATGCCATGAGTTGGGTCCGCCAGGCTCCAGGGAAGG,,5,flu,influenza,1
flu_00119,GAGGTGCAGCTGTTGGAGTCTGGGGGAGGCCTGGTGCAGCCTGGGGCGTCCCTGAGACTCTCCTGTGCAGCCTCTGGATTCAGCTTTAAGGACTATGCCCTGAGCTGGGTCCGCCAGGCTCCAGGGAAGG,,4,flu,influenza,1
flu_00120,GAGGTGCAGCTGGTGGAGTCTGGGGGAGGCTTGGTCCAGCCTGGGGGGTCCCTGAGACTCTCCTGTGCAGCCTCTGGATTCAGCGTCAGTAGCAACTTCATGAGTTGGGTCCGCCAGACTCCAGGGAAGG,,5,flu,influenza,1
flu_00121,GAGGTGCAGCTGGTGGAGTCTGGGGGAACCGTGGTCCAGCCGGGGGGGTCCCTGAGACTCTCCTGTGTAGCCTCTGAATATACCTTCAGGAATTATTGGATGAGCTGGGTCCGCCAGGCTCCAGGGAAGG,,6,flu,influenza,1
flu_00122,CAGGTGCAGCTGGTGGAGTCTGGGGGTGGCGTGGTCCAGCCTGGGAGGTCCCTGAGACTCTCCTGTGCAGCCTCTGGATTCACCTTCAGAATCTATGCTATGCACTGGGTCCGGCAGGCTCCAGGCAAGG,,6,flu,influenza,1
flu_00123,GAGGTGCAGCTGTTGGAGTCTGGGGGAGGCTTGATACAGCCGGGGGGGTCCCTGAGACTCTCCTGTGCAGCCTCTGCATTCACATTTAACAAATATGCCATGAACTGGGTCCGCCAGGCTCCAGGGAAGG,,6,flu,influenza,1
flu_00124,CAGGTGCAGCTGCAGGAGTCGGGCCCAGGTCTGCTAAAGCCTTCGGAGACCCTGTCCCTCACCTGCACTGTCTCTGGTGACTCCAACACTCGAACCTATTGGAGTTGGATAAGGCAGACCCCAGAGAAGG,,5,flu,influenza,1
flu_00125,NNNNTGCAGCTGCAGGAGTCGGGCCCAGGACTGGTGAAGCCTTCGGAGACCCTGTCCCTCACCTGCACTGTCTCTGGTGGCTCCATCACCAGTAACACTTACTACTGGGGCTGGATCCGCCAGCCCCCAG,,6,flu,influenza,1
flu_00126,CAGGTGCAGCTGCAGGAGTCGGGCCCAGGACTGGTGAAGCCTTCGGAGACCCTGTCCCTCACCTGCAGTGTCTCTGGTGGCTCCATCAGTAGTTACTACTGGACCTGGATCCGACAGCCCCCAGGGAAGG,,6,flu,influenza,1
flu_00127,NAGGTGCAGCTGGTGCAGTCTGGGGCTGAAGTGAAGAAGCCTGGGTCGTCGGTGAAGGTCTCCTGTAAGGCTTCTGGAGGCACCTTCAACACCTATATTATAAATTGGGTGCGACAGGCCCCTGGACAAG,,6,flu,influenza,1
flu_00128,NAGGTGCAGCTGGTGCAGTCTGGGGCTGAGGTGAAGAGGCCGGGGTCCTCGGTGACGGTCTCCTGCAAGGCTTCTGGAGGCTCCTTCACCAGCTTTGTTATCAGCTGGGTGCGACAGGCCCCTGGACAAG,,5,flu,influenza,1
flu_00129,CAGGTGCAGCTGGTGGAGTCTGGGGGAGGCGTGGTCCAGCCTGGGAGGTCCCTGAGACTCTCCTGTGCAGCGTCTGGATTCACCTTCAGTACCTATGGCATGCACTGGGTCCGCCAGGCTCCAGGCAAGG,,0,flu,influenza,0
flu_00130,GAGGTGCAGCTGGTGGAGTCTGGGGGAGGCCTGGTCAAGCCTGGGGGGTCCCTGAGACTCTCCTGTTCAGCCTCTGGATTCACCTTCAATATCTATGCCATGAACTGGGTCCGCCAGGTTCCAGGAAAGG,,0,flu,influenza,0
flu_00131,GAGGTGCAGCTGGTGGAGTCTGGGGGAGGCTTGGTCCAGCCTGGGGGGTCCCTGAGACTCTCCTGTTCAGCCTCTGGATTCACCTTCAGTAGCTATGCTATGCACTGGGTCCGCCAGGCTCCAGGGAAGG,,6,flu,influenza,1
flu_00132,CAGGTGCAGCTGCAGGAGTCGGGCCCAGGACTGGTGAGGCCTTCACAGACCCTGTCCCTCACCTGCACTGTCTCTGGCGACTCCATCAATAGTGGTGGTTACTACTGGAATTGGATCCGCCAGCCCCCAG,,0,flu,influenza,0
flu_00134,GAAGTGCAGCTGGTGGAGTCTGGGGGAGGCTTGGTACAGCCTGGCAGGTCCCTGCGACTCTCCTGCGCAGCCTCTGGATTCACCTTTGATGATTATGCCATGACGTGGGTCCGGCAGGCTCCAGGGAAGG,,0,flu,influenza,0
flu_00135,CAGGTGCAGCTGGTGCAGTCTGGGGCTGAGCTGAAGAAGCCTGGGTCCTCGGTGAAGGTCTCCTGCAAGACTTCTGGAGGCACCTCCAACAACTATCCTATCAGCTGGGTGCGACAGGCCCCTGGACAAG,,5,flu,influenza,1
flu_00136,CAGGTGCAGCTGGTGCAGTCTGGGGCTGAGGTAAAGAAGCCTGGGTCCTCCGTGAAGGTCTCCTGCAAGGCCTCTGGGATGACCTCGAACAGCCTTGCCATCAGCTGGGTGCGACAGGCCCCTGGACAAG,,5,flu,influenza,1
flu_00137,CGGCTGCAGCTGCAGGAGTCGGGCCCAGGACTGGTGAAGCCTTCGGAGACCCTGTCCCTCACCTGCACTGCCTCTGGTGGCTCCGTCAACAGCGGTGGTTACTACTGGGGCTGGATCCGCCAGCCCCCAG,,4,flu,influenza,1
flu_00138,GAGGTGCAGCTGGTGCAGTCTGGCGCAGAGGTGAAAAAGCCCGGGGAGTCTCTGAAGATCTCCTGTAAGGGTTCTGGATACAGCTTTACGAGCTACTGGATCGCCTGGGTGCGCCAGATGCCCGGGAAAG,,0,flu,influenza,0
flu_00143,GAGGTGCAGCTGTTGGAGTCTGGGGGAGGCTTGGTACAGCCGGGGGGGTCCCTGAGACTCTCCTGCGCAGCCTCTGGACTCAATTTTATCAGCTATGCCATGAGTTGGGTCCGCCAGGCTCCAGGGAGGG,,5,flu,influenza,1
flu_00146,GAGGTGCAGCTGGTGGAGTCTGGGGGAGGCCTGGTCAGGCCGGGGGGGTCCCTGAGACTCTCCTGTGTAGCCTCTGGATTCACCTTCAACATCGATGCCATGAACTGGGTCCGCCAGGCTCCAGGGAAGG,,6,flu,influenza,1
flu_00147,CAGGTGCAGCTACAGCAGTGGGGCGCAGGACTGTTGAAGCCTTCGGAGACCCTGTCCCTCACCTGCGCTGTCTATGGGGGGTCCTTCGGTGGTTACTACTGGAATTGGATCCGTCAGCCCCCAGGGAAGG,,6,flu,influenza,1
flu_00148,GAGGTGCAGCTGGTGGAGTCTGGGGGAGGCTTGGTCCAGCCTGGAGGGTCCCTGAAACTCTCCTGTGCAGCTTCTGGATTCAGATTCAGTGACCACTACATGAACTGGGTCCGCCAGGCTCCAGGGAAGG,,5,flu,influenza,1
flu_00149,CAGGTGCAGCTGGTGCAGTCTGGGGCTGAGGTGAAGAAGCCTGGGTCCTCGGTGAAGGTCTCCTGCAAGGCCTCTGGAGGCACCTTCAGAAACTTTGCTGTCAGCTGGGTGCGACAGGCCCCTGGACAAG,,5,flu,influenza,1
flu_00150,NAGGTGCAGCTGGTGCAGTCTGGGGCTGAAGTGAAGAAGCCTGGGTCCTCGGTGAAGGTCTCCTGCAAGGCTTCTGGAGGCACCTTCGGCAGTTATGGTATTAACTGGGTGCGACAGGCCCCTGGACAAG,,5,flu,influenza,1
flu_00151,CAGGTGCAGCTGGTGCAGTCTGGGACTGAGGTGAAGAAGCCTGGGTCGTCGGTGAGGATCTCCTGCGAGGCCTCTGGAGCCACCTTCAGCAGTCTTGGGATCAATTGGTTCCGTCTGGGCCCTGGACAAG,,6,flu,influenza,1
flu_00152,CAGGTGCAGCTGGTGCAGTCTGGGGCTGAGGTGAAGAAGCCTGGGTCCTCGGTGAAGGTCTCCTGCAGGGCCTCTGGAGGCATTTTCAGAAGTAATGCTATCAGCTGGGTGCGACAGGCCCCTGGACAAG,,6,flu,influenza,1
flu_00158,CAGGTGCAGCTGGTGCAGTCTGGGGCTGAGGTGAAGATGCCTGGGTCCTCGGTGAAGGTCTCCTGCAGGGCTTCTGGAGGCACCTTCAGCACCTATACTATCACCTGGGTGCGACAGGCCCCTGGACAAG,,5,flu,influenza,1
flu_00159,GAGGTGCAGCTGTTGGAGTCTGGGGGAGGCTTGGTACAGCCGGGGGGGTCCCTGAGACTCTCCTGTGCAGCCTCTGGATTCACCTTTATCAACCATGCCATGAGTTGGGTCCGCCAGGCTCCAGGGAGGG,,5,flu,influenza,1
flu_00161,GAGGTGCAGCTGTTGGAGTCTGGGGGAGGCTTGGCACAGCCTGGGGGGTCCCTGAGACTCTCCTGTGCAGCCTCCGGATTCACCTTTAGCAGCCATGCCATGAGCTGGGTCCGCCAGGCTCCAGGGAAGG,,0,flu,influenza,0
flu_00162,CAGGTGCAGCTGCAGGAGTCGGGCCCAGGACTGGTGAAGCCTTCGGAGACCCTGTTCCTCACCTGCACTGTCTCTGGTGGCTCCATCAGTAGTTACTACTGGAGCTGGATGCGGCAGCCCCCAGGGAAGG,,6,flu,influenza,1
flu_00163,CAGGTGCAGCTGCAGGAGTCGGGCCCAGGACTGGTGAAGCCTTCGGAGACCCTGTCCCTCACCTGCGCTGTCTCTCGTAGCTCCATCAGTGGTCACTACTGGAGCTGGATCCGTCAGACCCCAGGGAAGG,,4,flu,influenza,1
flu_00164,CAGGTGCAGCTGCAGGAGTCGGGCCCAGGACTGGTGAAGCCTTCGGAGACCCTGTCCCTTACCTGCACTGTCTCTGGTACTTCCATCACTACTCACTACTGGAGCTGGATCCGGCAGACCCCAGGGAAGG,,5,flu,influenza,1
flu_00166,NNNNNNNNNNNNNNNNNNNNNNNNNNNNNNNNNNNNNNNNNNNNNNNNNNNNNNNNNNNNNNNNNNNNGGCTTCTGGAGGCACGTTCAGCACTTACGCCATCACTTGGGTGCGACGGGCCCCAGGACAAG,,5,flu,influenza,1
flu_00167,GAGGTGCAGCTGTTGGAGTCTGGGGGAGGCTTGGTACAGCCGGGGGGGTCCCTGAGACTCTCCTGTGTAGCCTCGGGATTCACGTTTAGAGATTTTGCCATGAACTGGGTCCGCCAGACTCCAGGGAAGG,,0,flu,influenza,0
flu_00168,CAGGTGCAGCTGGTGGAGTCTGGGGGAGGCGTGGTCCAGCCTGGGAGGTCCCTGAGACTCTCCTGTGCAGCCTCTGGATTCACCTTCAGTAGCTATGGCATGCACTGGGTCCGCCAGGCTCCAGGCAAGG,,5,flu,influenza,1
flu_00169,NNNNTGCAGCTGCAGGAGTCGGGCCCAGGACTGGTGAAGCCTTCGGAGACCCTGTCCCTCACCTGCACTGTCTCTGGTGGCTCCATCAGCAGTAGTAATTACTACTGGGGCTGGATCCGCCAGCCCCCAG,,0,flu,influenza,0
flu_00170,NNNGTGCAGCTGGTGGAGTCTGGGGGAGGCTTGGTACAGCCTGGCAGGTCCCTGAGACTCTCCTGTGCAGCCTCTGGATTCACCTTTGATGATTATGCCATGCACTGGGTCCGGCAAGCTCCAGGGAAGG,,0,flu,influenza,0
flu_00178,NAGGTGCAGCTGGTGCAGTCTGGGGCTGAGGTGAAGAAGCCTGGGGCCTCAGTGAAGGTCTCCTGCAAGGCTTCTGGATACACCTTCACCGGCTACTATATTCAGTGGGTGCGACAGGCCCCTGGACAAG,,0,flu,influenza,0
flu_00179,CAGGTGCAGCTGCAGGAGTCGGGCCCAGGACTGGTGAAGCCTTCACAGACCCTGTCCCTCACCTGCACTGTCTCCAGTGGCTCCATCAGCAGTGGTGATTCCTACTGGAGCTGGATCCGCCAGCACCCAG,,6,flu,influenza,1
flu_00180,NNNGTGCAGCTGGTGGAGTCTGGGGGAGGCGTGGTCCGGCCTGGGCGGTCCCAGAGCCTCTCCTGTGCAGCGTCTGGATTCACCATCACTCCTTATACCATGTTCTGGGTCCGCCAGGCTCCAGGCAAGG,,0,flu,influenza,0
flu_00182,CAGGTGCAGCTGCAGGAGTCGGGCCCAGGACTGGTGAAGCCTTCGGAGACCCTGTCCCTCACCTGCACTGTCTCTGGTGGCTCCATCACCAATTACTGCTGGAACTGGATCCGGCAGGCCCCAGGGAAGG,,0,flu,influenza,0
flu_00183,GAGGTGCAGCTGTTGGAGTCTGGGGGAGGCTTAGTGCAGCCGGGGGGGTCCCTGAGACTCTCCTGTGCAGCCTCTGGATTCAACTTTAGAGACTCAGCCATGGGCTACGTCCGCCAGGCTCCAGGGAAGG,,0,flu,influenza,0
flu_00184,CAGGTGCAGCTGGTGGAGTCTGGGGGAGGCGTGGTCCAGCCTGGGAGGTCCCTGAGACTCTCCTGTGCAGCCTCTGGATTCAGTTTCAATAGTTATGGCTTCCACTGGGTCCGCCAGGGTCCAGGCAAGG,,0,flu,influenza,0
flu_00185,GAGGTGCAGCTGGTGGAGTCTGGGGGAGGCTTGGTAAAGCCAGGGGGGTCCCTTAGACTCTCCTGTGTAGGGTCTGGATTCCCTCTCAGTAATGCCGGGATGAGCTGGGTCCGCCAGGCTCCAGGGAAGG,,0,flu,influenza,0
flu_00186,CAGGTGCAGCTGGTGGAGTCTGGGGGAGGCGTGGTCCAGCCTGGGAGGTCCCTGAGACTCTCCTGTGCAGCCTCTGGATTCATCTTCAGTAGCAATGGCATGCACTGGGTCCGCCAGGCTCCAGGCAAGG,,0,flu,influenza,0
flu_00187,CAGGTGCAGCTGCAGGAGTCGGGCCCAGGACTGGTGAAGCCTTCGGAGACCCTGTCCCTCTCCTGCACTGTCTCTGGTGGCTCCATCAATGGTTATTACTGGAGCTGGATCCGGCAGCCCCCAGGGAAGG,,0,flu,influenza,0
flu_00188,CAGGTGCAGCTGCAGGAGTCGGGCCCAGGACTGGTGAAGCCTTCGGAGACCCTGCCCCTCACTTGCACTGTGTCTGGTGCCTCAGTCAGTCGTCACCACTGGAGCTGGATCCGGCAGCCCCCAGGGAAGG,,0,flu,influenza,0
flu_00190,GAGGTGCAGCTGGTGGAGTCTGGGGGAGGCTTGGTGCAGCCTGGCAGGTCCCTGAGACTCTCCTGTGCAGCCTCTGGATTCACCTTTGATGATTATGCCATGCACTGGGTCCGGCAGGCTCCAGGGAAGG,,0,flu,influenza,0
flu_00191,GAGGTGCAGCTGGTGGAGTCTGGGGGAGGTGTGGTACGGCCTGGGGGATCCCTGAGACTCTCCTGTGCAGCCTCTGGATTCACCTTTGCTGAATATGACATGGACTGGGTCCGCCAAGCTCCAGGGAAGG,,0,flu,influenza,0
flu_00193,GAGGTGCAGCTGGTGGAGTCTGGGGGAGGCTTGGTAAAGCCTGGGGGGTCCCTAAGACTCTCCTGTGCAGCCACTGGATTCACTTTCAGAAACGCCTGGATGAGCTGGGTCCGCCAGGCTCCAGGGAAGG,,0,flu,influenza,0
flu_00194,GAGGTGCAGCTGGTGGAGTCTGGGGGAGTCGTGGTACAGCCTGGGGGGTCCCTGAGACTCTCCTGTACAGCCTCTGGATTCACTTTTGATGATTATACCATGCACTGGGTCCGTCGACCTCCGGGGAAGG,,0,flu,influenza,0
flu_00195,GAGGTGCAGCTGGTGGAGTCTGGGGGAGTCGTGGTACAGCCTGGGGGGTCCCTGAGACTCTCCTGTGCAGCCTCTGGATTCACCTTTGAAGAGTACACCATGCACTGGGTCCGTCAGGCTCCGGGGAAGG,,6,flu,influenza,1
flu_00196,GTGCAGCTGGTGGAGTCTGGGGGAGGCGTGGTCCAGCCTGGGAAGTCCCTGAGACTCTCCTGTGCAGCCTCTGGATTCACCTTCGATGCCTATGGCATGCACTGGGTCCGCCAGGCTCCAGGCAAGGGGC,,0,flu,influenza,0
flu_00198,GAGGTGCAGCTGGTGGAGTCTGGGGGAGTCGTGGTACAGCCTGGGGGGTCCCTGAGACTCTCCTGTGCAGCCTCTGGATTTACCCTTGATGACTATACCATGCACTGGATCCGTCAACCTCCGGGGAAGG,,0,flu,influenza,0
flu_00199,GAGGTGCAGCTGTTGGAGTCTGGGGGAGGCTTGGTACAGCCTGGGGGGTCCCTGAGACTCTCCTGTGCAGCCTCTGGATTCACCTTTAGCAGTTATGGCATGAGCTGGGTCCGCCAGGCTCCAGGGAAGG,,0,flu,influenza,0
flu_00200,GTGCAGCTGGTGGAGTCTGGGGGAGGCGTGGTCCAGCCTGGAAAATCCCTGAGAGTCTCCTGTGCAGCCTCTGGCTTCACCTTCAGTACTTACGCCATGCACTGGGTCCGCCAGGCTCCAGGCAAGGGGC,,0,flu,influenza,0
flu_00201,GAGGTGCAGCTGGTGGAGTCTGGGGGAGGCTTGGTACAGCCTGGCGGGTCCCTCAGACTCTCCTGTACAGCCTCAGGATTCACCTTCAGTGATTTTGAAATGAACTGGGTCCGCCAGGCTCCAGGGAAGG,,0,flu,influenza,0
flu_00202,GTGCAGCTGGTGGAGTCTGGGGGAGGCGTGGTCCAGCCTGGGAGGTCCCTGAGACTCTCCTGTGCAGCCTCTGGATTCACCTTCGGTAGTTACGGTCTGCACTGGGTCCGCCAGGCTCCAGGCAAGGGGC,,0,flu,influenza,0
flu_00204,GAGGTGCAGCTGGTGGAGTCTGGGGGAGGCTTGGTCCAGCCTGGAGGGTCCCTGAGACTCTCCTGTGCAGCCTCTGGATTCACCTTCAGTGACCACTACATGGACTGGGTCCGCCAGGCTCCAGGGAAGG,,0,flu,influenza,0
flu_00205,GAGGTGCAGCTGGTGGAGTCTGGGGGAGGTGTGGTACGGCCTGGGGGGTCCCTGAGACTCTCCTGTGCAGCCTCTGGATTCACCTTTGATGATTACGACATGATCTGGGTCCGCCAAGCTCCAGGGAAGG,,0,flu,influenza,0
flu_00206,AGGTGCAGCTGGTGCAGTCTGGGGCTGAGGTGAAGAAGGCTGGGGCCTCAGTGAAGGTTTCCTGCAAGTCATCTGGATACACGTTCACCGACTATGATATGAATTGGGTGCGACAGGCCCCTGGACAAGG,,0,flu,influenza,0
flu_00207,GAGGTGCAGCTGGTGGAGTCTGGGGGAGGCATGGTACAGTCGGGGGGGTCCCTGAGACTCTCCTGTGCAGCCTCTGGATTCACCTTTGATGATTATGCCATGCACTGGGTCCGTCAAGCTCCAGGGAAGG,,0,flu,influenza,0
flu_00208,CAGGTGCAGCTGCAGGAGTCGGGCCCAGGACTGGTGAAGCCTGCGGAGACCCTGTCCGTCACCTGCACTGTCTCTCGTGGCTCCGTCAGTAGTGGCAGTTACCACTGGAGCTGGATCCGGCAGCCCCCAG,,0,flu,influenza,0
flu_00209,GAGGTGCAGCTGGTGGAGTCTGGGGGAGGCTTGGTCCCGCCTGGGGGGTCCCTGAGACTCTCCTGTGCAGCCTCTGGATTCACCTTTAGTAACTATTGGATGAGTTGGGTCCGCCAGGCTCCAGGGAAGG,,0,flu,influenza,0
flu_00210,CAGGTGCAGCTACAGCAGTGGGGCGCAGGACTGTTGAAGCCTTCGGAGACCCTGTCCCTCAGTTGCGCTGTGTCTGGTGGGTCCTTAAGTGGTTTCTACTGGAGCTGGATCCGCCAGTCTCCAGGGAAGG,,0,flu,influenza,0
flu_00211,CAGGTGCAGCTGCAGGAGTCGGGCCCAGGACTGGTGAAGCCTTCGGAGACCCTGTCCCTCACCTGCACAGTCTCTGATGACTCCATCAGTGGTCACTACTGGAGCTGGATCCGGCAGCCCCCAGGGAAGG,,4,flu,influenza,1
flu_00212,AGGTGCAGCTGGTGCAGTCTGGGGCTGAGGTGAAGAAGCCTGGGGCCTCAGTGAGGATTTCCTGCAAGGCTTCTGGATTCACCTTCAAAACCTATGCTCTTCATTGGGTGCGCCAGGCCCCCGGACAAAG,,0,flu,influenza,0
flu_00213,CAGGTCACCTTGAAGGAGTCTGGACCTGTGCTGGTGAAACCCACAGAGACCCTCACGCTGACCTGCACCGTCTCTGGATTCTCACTCAGCAACATTATAATGGGTGTGAGCTGGATCCGTCAGCCCCCAG,,6,flu,influenza,1
flu_00214,CAGGTGCAGCTGCAGGAGTCGGGCCCAGGTCTGGTGAAGCCTACGGAGACCCTGTCCCTCACCTGCAGTGTCTCTCGTGGCTCCGTCAGCAGTGGTAGTTACCACTGGAGCTGGATCCGGCAGCCCCCAG,,0,flu,influenza,0
flu_00215,GAGGTGCAGCTGGTGGAGTCTGGGGGAGGCTTGGTCCAGCCTGGGGGGTCCCTGAGACTCTCCTGTGCGGCCTCTGGCTTCTACTTTAGTAGTTATTGGATGACCTGGGTCCGCCAGGCTCCAGGGAAGG,,0,flu,influenza,0
flu_00217,AGGTGCAGCTGGTGCAGTCTGGGGCTGAGGTGAAGAAGCCTGGGGCTTCAGTGAGGCTTTCCTGCAAGGCTTCTGGATATAGTTTCGCGGCCTTTAGTATACATTGGGTGCGCCAGGCCCCCGGACAAAG,,6,flu,influenza,1
flu_00218,GAGGTGCAGCTGGTGGAGTCTGGGGGAGGCTTGGCACAGCCTGGAAAGTCCCTGAGACTTGCCTGTGTAGGCTCTGGATTCGTTTTCAGTACTTATGAAATGAATTGGGTCCGCCAGGCTCCAGGGAAGG,,0,flu,influenza,0
flu_00219,CAGGTGCAGCTGCAGGAGTCGGGCCCAGGACTGGTGAAGCCCTCGGAGACCCTGTCCCTCACCTGCGCTGTCTCTGGTTACTCCATCAGCAGTGGTTACTACTGGGGCTGGATCCGGCAGCCCCCAGGGA,,5,flu,influenza,1
flu_00222,GAGGTGCAGCTGGTGGAGTCTGGGGGAGGCTTGGTACAGCCTGGAGGGTCCCTGAGACTCTCCTGTGCAGCCTCTGGATTCATCTTCAGTAGCTATGAAATGAACTGGGTCCGCCAGGCTCCAGGGAAGG,,0,flu,influenza,0
flu_00223,GAGGTGCAGCTGGTGCAGTCCGGAGCAGTGGTGAAGAAGCCCGGGGAGTCTCTGAAGATCTCCTGTAAGGGTTCTGGATACAACTTTACCGGCCACTGGATCAGCTGGGTGCGCCAGATGCCCGGGAAAG,,4,flu,influenza,1
flu_00224,AGGTGCAGCTGGTGGAGTCTGGGGGAGGTGTGGTCCAGCCTGGGAGGTCCCTGAGACTCTCCTGTGCAGCGTCTGGATTCAGCTTCAGAAGTTATGGCATGCACTGGGTCCGCCAAGGTCCAGGCAAGGG,,0,flu,influenza,0
flu_00225,AGGTGCAGCTGGTGGAGTCTGGGGGAGGCTTGGTCAACCCTGGAGGGTCCCTGAGACTCTCCTGTGCAGCCTCTGGATTCACCTTCAGTGACTACTATATGACGTGGATCCGCCAGGCTCCAGGGAAGGG,,0,flu,influenza,0
flu_00226,GTGCAGCTGGTGGAGTCTGGGGGAGGCGTGGTCCAGCCTGGGAGGTCCCTGAGACTCTCTTGTGCAGCCTCTGGATTCACCTTAAGACCCTATGACATGCACTGGGTCCGCCAGGCTCCAGGCAAGGGGC,,0,flu,influenza,0
flu_00227,CAGGTGCAGCTGCAGGAGTCGGGCCCAGGACTGGTGAAGGCTTCGGAGACCCTGTCCCTCACGTGCACTGTCTCTGGTGACTCCGTCACCAGTAGTGCTTCTTACTGGAGCTGGGTCCGGCAGCCCCCAG,,0,flu,influenza,0
flu_00228,GAGGTGCAGCTGTTGGAGTCTGGGGGAGGCTTGGTGCAGCCTGGGGGGTCCCTGAGACTCTCCTGTGCAGCCTCTGGCTTCAGCTTCAGTGTCTATGCTATGCACTGGGTCCGCCAGGTTCCAGGGAAGG,,6,flu,influenza,1
flu_00229,GAGGTGCAGCTGTTGGAGTCTGGGGGAGGCTTGGTACAGCCTGGGGGGTCCCTGAGACTCTCCTGTGCAGCCTCTGGATTCACCTTTAGCAGCTATGCCATGAGCTGGGTCCGCCAGGCTCCAGGGAAGG,,0,flu,influenza,0
flu_00230,GAGGTGCAGCTGGTGGAGTCTGGGGGAGACTTTGTAAAGCCAGGGCGGTCCCTGAGACTCTCCTGTACAACTTCTGGATTCACCTTTGGTTATTATGCTATGAGCTGGTTCCGCCAGGCTCCAGGGAAGG,,0,flu,influenza,0
flu_00231,CAGGTGCAGCTGCAGGAGTCGGGCCCAGGACTGGTGAAGCCTTCGGAGACCCTGTCCCTCACTTGCAGTGTCTCTGGTGCCTCCTTCACCAGTGGTACTTATTACTGGGGCTGGATCCGCCAGCCCCCAG,,4,flu,influenza,1
flu_00232,CAGGTGCAGCTGCAGGAGTCGGGCCCAGGACTGGTGAAGCCTTCGGAGACCCTGTCCCTCACCTGCACTGTCTCTGGTGGCTCCATCAGTAGTAGTAGTCACTACTGTACTTGGATCCGCCAGCCCCCAG,,6,flu,influenza,1
flu_00233,AGGTGCAGCTGGTGCAGTCTGGGGCTGAGGTGAAGAAACCTGGGGCCTCAGTGAAGGTCTCCTGCAAGGCTTCTGGATACACCTTCGCCGACTACTATATACACTGGGTGCGACAGGCCCCTGGACAAGG,,5,flu,influenza,1
flu_00234,CAGGTCACCTTGAGGGAGTCTGGTCCTGCGCTGGTGAAACCCACACAGACCCTCACACTGACCTGCACCTTCTCTGGGTTCTCACTCAGCACTAGTGGAATGTGTGTGAGCTGGATCCGTCAGCCCCCAG,,5,flu,influenza,1
flu_00235,GAGGTGCAGCTGTTGGAGTCTGGGGGTGGCTTGGTGCAGCCTGGGGGGTCCCTGAGACTCTCCTGTGCAGCCTCTGGCTTCTCCTTCAGTGCCTATGCTATCCACTGGGTCCGCCAGGTTCCAGGGAAGG,,5,flu,influenza,1
flu_00236,CAGGTGCAGCTGCAGGAGTCGGGCCCAAGACTGGTGAAGCCTTCGGAGACCCTGTCCCTCACCTGCACTGTCTCTGGTGGCTCCCTCAGTAGTAGTAGTTACTACGGGGGCTGGATCCGCCAGCCCCCAG,,0,flu,influenza,0
flu_00237,GTGCAGCTGGTGGAGTCTGGGGGAGGCGTGGTCCAGCCTGGGAGGTCCCTGAGACTCTCCTGTGCAGCCTTTGGATTCACCTTCAGTAGCTTTCCTATGCACTGGGTCCGCCAGGCTCCAGGCAAGGGGC,,0,flu,influenza,0
flu_00238,GAGGTGCAGCTGGTGGAATCTGGGGGAGGCTTGGTCCAGCCTGGGGGGTCCCTGAGACTCTCCTGTGCAGCCTCTGGATTCACCTTTAGTGACTTTTGGATGAGCTGGGTCCGCCAGGCTCCAGGGAAGG,,6,flu,influenza,1
flu_00240,GAGGTGCAGCTGGTGGAGTCCGGGGGAGGCTTAGTTCAGCCTGGGGGGTCCCTGAGACTCTCCTGTGCAGCCTCTGGATTCACCTTCAGTAACTACTGGATGAACTGGGTCCGCCAAGGTCCAGGGAAGG,,0,flu,influenza,0
flu_00242,GAGGTGCAGCTGGTGGAGTCTGGGGGAAGTGTGGTACGGCCGGGGGGGTCCCTGAGACTCTCCTGTGTAGCCTCTGGATTCATCTTTAATGATTTTGGCATGAGTTGGGTCCGCCAAGCTCCAGGGAAGG,,0,flu,influenza,0
flu_00244,GAGGTGCAGCTGGTGGAGTCTGGGGGAGGCTTGGTACAGCCTGGCAGGTCCCTGAGGCTCTCCTGTGCAACCTCTGGATTCACCTTTGATGATTATGCCATGCACTGGGTCCGGCAAGCTCCAGGGAAGG,,0,flu,influenza,0
flu_00245,GAGGTGCAGCTGGTGGAGTCTGGGGGAAGTGCGGTACGGCCTGGGGGGTCCCTGAGACTCTCCTGTGTAGCCTCTGGATTCATCTTTAATGATTTTGGCATGAGCTGGGTCCGCCAAGTTCCGGGGAAGG,,0,flu,influenza,0
flu_00246,GAGGTGCAGCTGGTGGAGTCTGGGGGACGTGTGGTACAGCCTGGGGGGTCCCTGAGACTCTCGTGTATAGTCTCTGGATTCACCTTTGATGACTATGGCATGCACTGGGTCCGTCAAGTTCCAGGGAAGG,,0,flu,influenza,0
flu_00248,GAGGTGCAGCTGGTGGAGTCTGGGGGAGGCTTGGTACAGCCTGGCAGGTCCCTGAGACTCTCCTGTGCAGCCTCTGGATTCACCTTTGATGAATATGCCATGCACTGGGTCCGGCAAGCTCCAGGGAAGG,,0,flu,influenza,0
flu_00249,GAGGTGCAGCTGGTGGAGTCTGGGGGAAGTCTGGTTCGGCCGGGGGGGTCCCTGAGACTCTCTTGTGTAGCCTCTGGATTCATCTTCAATGATTATGGCATGAGCTGGGTCCGCCAGGCTCCAGGGAAGG,,0,flu,influenza,0
flu_00251,AGGTGCAGCTGGTGGAGTCTGGGGGAGGCGTGGTCCAGCCTGGGAGGTCCCTGAGACTCTCCTGTGCAGCGTCTGGATTCAGCTTCAGTAACTATGACATGCACTGGGTCCGCCAGGCTCCAGGCGAGGG,,0,flu,influenza,0
flu_00253,GAGGTGCAGCTGGTGGAGTCTGGGGGAAGTGTGGTACGGCCGGGGGGGTCCCTGAGACTCTCCTGTGTAGCCTCTGGATTCATCTTTAATGATTACGGCATGAGTTGGGTCCGCCAAGCTCCAGGGAAGG,,0,flu,influenza,0
flu_00254,GAGGTGCAGCTGGTGGAGTCTGGGGGAGGCTTGGTACAGCCTGGGGGGTCCCTGAGACTCTCCTGTGCAGCCTCTGGATTCAGCTTTACCACCTATGCCATGACCTGGGTCCGCCAGGCTCCAGGAAAGG,,0,flu,influenza,0
flu_00256,AGGTGCAGCTGGTGCAGTCTGGGGCTGAGTTGAAGAAGCCTGGGTCCTCGGTGAAGGTCTCCTGCAGGACTTCTGGAGGCACCTTCGCCAACTCTCCTATCAACTGGTTGCGACAGGCCCCTGGACAAGG,,5,flu,influenza,1
flu_00258,GAGGTGCAGCTGGTGCAGTCCGGAGCAGAGGTGAAAAAGCCCGGGGAGTCTCTGAGGATCTCCTGTAAGGTTTCTGGATACAACTTTACCAACTTCTGGATCAGTTGGGTGCGCCAGATGCCCGGGAAAG,,5,flu,influenza,1
flu_00260,GAGGTGCAGCTGGTGGAGTCTGGGGGAGGCTTGGTACAGCCTGGCAGGTCCCTGAGACTCTCCTGTGCAGCCTCTGGATTCACTTTTGAAGATCATGCCATGCACTGGGTCCGGCAAGCTCCAGGGAAGG,,6,flu,influenza,1
flu_00261,GAGGTGCAGCTGGTGGAGTCGGGGGGAGGCCTGGTACAGCCTGGCAGGTCCCTGAGACTCTCCTGTGCAGCCTCTGGATTCAATTTTGAAGATCATGCCATGCACTGGGTCCGGCAAGCTCCAGGGAAGG,,0,flu,influenza,0
flu_00262,GAGGTGCAGCTGGTGCAGTCCGGAGCAGAGGCGAAAAAGCCCGGGGAGTCTCTGAGGATCTCCTGTAAGGGTTCCGGATACAGCTTTAGCGACTACTGGATCACCTGGGTGCGCCAGATGCCCGGGCAAG,,6,flu,influenza,1
flu_00263,GAGGTGCAGCTGGTGGAGTTTGGAGGAGGCTTGATCGAGCGGGGGGGGTCCCTGAGACTCTCCTGTGCAGGCTCTGGGTTCACCGCCAATAGCAACTACATGACGTGGGTCCGCCAGGCTCCAGGGAAGG,,0,flu,influenza,0
flu_00264,CAGGTGCAGCTGCAGGAGTCGGGCCCAGGACTGGTGAAGCCTTCGGAGACCCTGTCCCTCACCTGCTCTGTCTCTGATGGCTCCATCAGGAGTTACTACTGGAGCTGGATCCGGCAGCCCCCAGGGAGGG,,5,flu,influenza,1
flu_00266,AGGTGCAGCTGGTGCAATCTGGGGCTGAGGTGAAGAAGCCTGGGTCCTCGGTGAAGGTCTCCTGCAGGGCTTCTGGAGGCACCTTCAGCACCTATACTATCAGCTGGGTGCGACAGGCCCCTGGACAAGG,,6,flu,influenza,1
flu_00269,GTGCAGCTGGTGGAGTCGGGGGGAGGCGTGGTCCAGCCTGGGGGCTCCCTGAGAGTCTCCTGTGCAGCCTCTGGACTCACCTTCAGTAGCTATGGCATGCACTGGGTCCGCCAGGCTCCAGGCAAGGGGC,,5,flu,influenza,1
flu_00271,GAGGTGCAGCTGTTGGAGTCTGGGGGAGGCTTGGTACAGCCTGGGGGGTCCCTGAGACTCTCCTGTGCAGCCGCTACATTCACCTTGAGTACCTCTGCTATGATGTGGGTCCGCCAGGCTCCAGGGAAGG,,4,flu,influenza,1
flu_00272,GAGGTGCAGCTGGTGGAGTCTGGGGGAGGCTCGGTAAAGCCTGGGGGGTCCCTTAGACTCTCCTGTGCAGCCACTGGATTCACTTTCAGTCACGCCTGGATGAGCTGGGTCCGCCAGGCTCCAGGGAAGG,,0,flu,influenza,0
flu_00274,AGGTGCAGCTGGTGGAGTCTGGGGGAGGCTTGGTCAACCCTGGAGGGTCCCTGAGACTCTCCTGTGCAGCCTCTGGATTCACCTTCAGTGACTACTACATGACCTGGATCCGCCAGGCTCCAGGGAAGGG,,0,flu,influenza,0
flu_00275,GAGGTGCAGCTGTTGGAGTCTGGGGGAGCCTTGGCACAGCCGGGGGGGTCCCTGAGACTCTCCTGTGCAGCCTCTGGATTCATCTTTGATACTAATGCCATGAGCTGGGTCCGCCAGGCTCCAGGGAAGG,,0,flu,influenza,0
flu_00277,GAGGTGCAGCTGGTGGAGTCTGGGGGAGGCTTGGTCCAGCCGGGGGGGTCCCTGAGACTCTCCTGTGCAGCCTCTGGTTTCACCTTTGATAGCTATTGGATGAACTGGTTCCGCCAGGCCCCAGGGAAGG,,0,flu,influenza,0
flu_00281,AGGTGCAGCTGGTGCAGTCTGGGGCTGAGGTGAAGAAGCCTGGGTCCTCGGTGAAGCTCTCCTGCCAGACTTCTGGAGGCACCTTCAGCACTTATAGTCTCAACTGGGTGCGACAGGCCCCTGGACAAGG,,5,flu,influenza,1
flu_00282,CAGGTGCAGCTGCAGGAGTGGGGCGCAGGACTGTTGAAGCCTTCGGAGACCCTGTCCCTCACCTGCGCTGTCTCTGGTGACTCCTTCAGTGACTACTACTGGAGCTGGATTCGCCAGCCCCCAGGGAAGG,,0,flu,influenza,0
flu_00284,CAGGTGCAGCTGCAGGAGTCGGGCCCAGGACTGGTGAAGCCTTCGGAGACCCTGTCCCTCACCTGCACTGTCTCTGGTGGCTCCATCCGCATGACTACTCACTACTGGGGCTGGGTCCGCCAGCCCCCCG,,0,flu,influenza,0
flu_00285,CAGGTGCAGCTGCAGGAGTCGGGCCCAGGACTGGTGAAGCCTTCGGAGACGGTGTCCCTCACCTGCAGTGTCTCGGGTGGCTCCATCAGTAGTTACTTGTGGAGCTGGATCCGGCAGTCCCCAGGGAAGG,,0,flu,influenza,0
flu_00287,NAGGTGCAGCTGGTGCAGTCTGGAGCTGAGGTGAAGAAGCCTGGGGCCTCAGTGAAGGTCTCCTGCAAGGCTTCCGGTTACACCTTTACCAACTACGATATCACCTGGGTGCGACAGGCCCCTGGACAAG,,0,flu,influenza,0
flu_00288,NAGGTGCAGCTGGTGCAGTCTGGGGCTGAGGTGAAGAAGCCTGGGTCGTCGGTGAAGGTCTCCTGCAAGGCTTCTGGAGGCATTTTCAGAAACTATGCCATCAGCTGGGTGCGACAGGCCCCTGGACAAG,,5,flu,influenza,1
flu_00290,NAGGTGCAGCTGGTGCAGTCTGGGGCTGAGGTGAAGTCTCCTGGGTCCTCGGTGAAGGTCTCCTGCAAGGCTTCTGGAGGCATCTTCCGCAGTTATTCCATCAACTGGGTGCGACAGGCCCCTGGACAAG,,6,flu,influenza,1
flu_00291,NAGGTGCAGCTGGTGCAGTCTGGGGCTGAGGTGAAGAAGCCTGGGTCCTCGGTGAAGGTCTCCTGCAAGACTTCTGGAGGCATCTTCAACAGCCATTCTATCACCTGGGTGCGACAGGCCCCTGGACAAG,,5,flu,influenza,1
flu_00292,GAGGTGCAGCTGGTGGAGTCTGGGGGAGGCGTGGTACAGCCTGGGGGGTCCCTGAGACTCTCCTGTGCAGCCTCAGGATTCACCTTTGATGATTATTCCCTGCACTGGGTCCGTCAACCTCCGGGGAAGG,,4,flu,influenza,1
flu_00295,AGGTGCAGCTGGTGGAGTCTGGGGGAGGCGTGGTCCAGCCTGGGAGGTCCCTGAGACTCTCCTGTGCAGTGTCTGGATTCAGCCTCAGTAGTTATGGCATGCACTGGGTCCGCCAGGCTCCAGGCAAGGG,,0,flu,influenza,0
flu_00298,AGGTGCAGCTGGTGGAGTCGGGGGGAGGCGTGGTCCAGTCTGGGAGGTCCCTGAGACTCTCTTGTGCAGTGTCTGGATTCTCCGTCAGTGGTTATGGCATGCACTGGGTCCGCCGGGCTCCAGGCAAGGG,,6,flu,influenza,1
flu_00302,GAGGTGCAGCTGGTGGAGTCTGGGGGAGGCAGGGTACAGCCGGGGGGGTCCCTGAGACTCTCCTGTGTAGCCTCTGGATTCACCTTTGATGATTATGCCATGTATTGGGTCCGTCAGGCTCCACGGAAGG,,0,flu,influenza,0
flu_00303,GAGGTGCAGCTGTTGGAGTCTGGGGGCGGCCTGGTTCAGCCTGGGGGTTCCCTGACACTCTCCTGTGGAGCCTCTGGATTCATATTTAGTAACTTTCCCATGAGCTGGGTCCGCCAGGCTCCGGGGAAGG,,0,flu,influenza,0
flu_00304,AGGTGCAGCTGGTGGAGTCTGGGGGAGGCGTGGTCCAGCCTGGGAAGTCCCTGAGACTCTCCTGTGTAGGCTCTGGATTCAGTTTCAATTCCAATGGCATGCACTGGGTCCGCCAGGCTCCAGGCAGGGG,,0,flu,influenza,0
flu_00306,GAGGTGCAGCTGTTGGAGTCTGGGGGAGGCTTGGTACACCCTGGGGGGTCCCTGAGACTCTCATGTGCAGTCTCTGGATTCACCCTTACCAATTATGCCATCAACTGGGTCCGCCAGGCTCCAGGGAAGG,,4,flu,influenza,1
flu_00309,GAGGTGCAGCTGTTGGAGTCTGGGGGAGGCTTCGTACAGCCTGGGGGGTCCCTGAGACTCTCCTGTGAAGCCTCTGGATTCAGCTTTAGCAGCTATGCCATGAGCTGGGTCCGCCAGGCTCCAGGGAAGG,,4,flu,influenza,1
flu_00311,CAGGTGCAGCTGCAGGAGTCGGGCCCAGGACTGGCGAGGCCTTCGGAGACCCTGTCCCTCACCTGCGCTGTCTCTGGTGACTCCGTCAGCAGCGCTGGTCACTACTGGAGCTGGCTGCGGCAGCCTCCAG,,5,flu,influenza,1
flu_00316,GAGGTGCAGCTGTTGGAGTCTGGGGGAGGCTTGGTACAGGCTGGGGGGTCCCTGAGACTCTCCTGTGCAGCCTCTGGATTCAGTTTTAGTAGTTATGCCATGAGCTGGGTCCGCCAGGCTCCAGGGAAGG,,6,flu,influenza,1
flu_00318,GAGGTGCAGCTGTTGGAGTCTGGGGGAGGCTTGGTACAGCCTGGGGGGTCCCTGAGACTCTCATGTGCAGTCTCTGGATTCACCTTTAGCAAGTATGCCATGAACTGGGTCCGCCAGGCTCCAGGGAAGG,,6,flu,influenza,1
flu_00320,CAGGTGCAGCTGCAGGAGTCGGGCCCAGGACTGGTGAAGCCTTCGGAGACCCTGTCCCTCACCTGCGCTGTCTCTGGTTACTCCCTTAGCAATGGTTACTACTGGGGCTGGATCCGGCAGCCCCCAGGGC,,6,flu,influenza,1
flu_00321,CAGGTGCAGCTGCAGGAGTCGGGCCCAGGACTGGTGAAGCCTTCGGAGACCCTGTCCCTCACCTGCGCTGTCTCTGGTTACTCCATCAGCAATGGTTACTACTGGGGCTGGATCCGGCAGCCCCCAGGGA,,6,flu,influenza,1
flu_00322,CAGGTGCAGCTGCAGGAGTCGGGCCCAGGACTGGTGAAGCCTTCGGAGACCCTGTCCCTCACCTGCGGTGTCTCTGGTTACTCCATCAGCAGTTTTTACTACTGGGGCTGGATTCGGCAGCCCCCAGGGA,,6,flu,influenza,1
flu_00323,GAGGTGCAGCTGGTGGAGTCTGGGGGAGGCTTGGTAAAGCCGGGGGGGTCCCTTAGACTCTCCTGTGCAGCCTCTGGACTCACTTTCAGTAACGTCTGGATGAGCTGGGTCCGCCAGGCTCCAGGGAAGG,,0,flu,influenza,0
flu_00324,GAGGTGCAGCTGGTGGAGTCTGGGGGAGGCCTGGTCCAGCCGGGGGGGTCCCTGAGACTTTCCTGTGCGGCCTCTGGATTCACCTTCAGTGATTATAACATGAACTGGGTCCGCCAGGCTCCAGGGAAGG,,0,flu,influenza,0
flu_00326,GAGGTGCAGCTGGTGCAGTCCGGAGCAGAGGTGAAAAAGCCCGGGGAGTCTCTGAGGATCTCCTGTGAGGGTTCTGGATACAACTTTACCAACTACTGGATCAGCTGGGTGCGCCAGATGCCCGGGAAAG,,0,flu,influenza,0
flu_00331,GTGCAGCTGGTGGAGTCTGGGGGAGGCGTGGTCCAGCCTGGGAGGTCCCTGAGACTCTCCTGTGCAGCATCTGGATTCACCTTCAATACCTATGCTATGCACTGGGTCCGCCAGGCTCCAGGCAAGGGGC,,4,flu,influenza,1
flu_00339,GTGCAGCTGGTGGAGTCTGGGGGAGGCGTGGTCCAGCCTGGGAGGTCCCTGAGACTCTCCTGTGCAGCCTCTGGATTCACCTTCAATGCCTATGGCATGTACTGGGTCCGCCAGGCTCCAGGCAAGGGGC,,0,flu,influenza,0
flu_00342,AGGTGCAGCTGGTGGAGTCTGGGGGAGGCTTGGTCAAGCCTGGAGGGTCCCTGAGACTCTCCTGTGTAGCCTCTGGATTCACCCTCAGTGACTACTACATGAACTGGATCCGCCAGGCTCCAGGGAAGGG,,0,flu,influenza,0
flu_00348,GAGGTGCAGCTGGTGGAGTCTGGGGGAGGCTTGGTACAGCCTGGCAGGTCCCTGAGACTCTCCTGTACAGTCTCTGGATTCTCCTTTGATGATTATGCCATGCACTGGGTCCGGCAGGTTCCAGGGAAGG,,0,flu,influenza,0
flu_00352,GAGGTGCAGCTGGTGGAGTCTGGGGGAGGCTTGGTACAGCCTGGCAGGTCCCTGAGACTCTCCTGTGCAGCCTCTGGATTCAACTTTGATGATTATGCCATGCACTGGGTCCGCCAAGCTCCAGGGAAGG,,0,flu,influenza,0
flu_00353,GAGGTGCAGCTGGTGGAGTCTGGGGGAGGCTTGGTACAGCCTGGCAGGTCCCTGAGACTCTCCTGTGCAGTCTCTGGATTCACCTTTGATGATTATGCCATGCACTGGGTCCGGCAAGTTCCAGGGAAGG,,0,flu,influenza,0
flu_00354,GAGGTGCAGCTGGTGGAGTCTGGGGGAGGCTTGGTACAGCCTGGCAGGTCCCTGAGACTCTCTTGTGCAGTCTCTGGATTTACCTTTGATGATTATGCCATGCACTGGGTCCGGCAAGTTCCAGGGAAGG,,0,flu,influenza,0
flu_00355,GTGCAGCTGGTGGAGTCTGGGGGAGGCGTGGTCCAGCCTGGGAGGTCCCTGAGACTCTCCTGTGCAGCCTCTGGATTCACCTTCAGTAACTATGGCATGCACTGGGTCCGCCAGGCTCCAGGCAAGGGGC,,0,flu,influenza,0
flu_00357,GAAGTGCAGCTGGTGGAGTCTGGGGGAGGCTTGGTACAGCCTGGCAGGTCCCTGAGACTCTCCTGTACAGTCTCTGGATTCTCCTTTGATGATTATGCCATGCACTGGGTCCGGCAGGTTCCAGGGAAGG,,0,flu,influenza,0
flu_00359,GAAGTGCAGCTGGTGGAGTCTGGGGGAGGCTTGGTACAGCCTGGCAGGTCCCTGAGACTCTCCTGTGCAGCCTCTGGATTCACCTTCGATGATTATGCCATGCACTGGGTCCGGCAAGTTCCAGGGAAGG,,0,flu,influenza,0
flu_00361,GTGCAGCTGGTGGAGTCTGGGGGAGGCGTGGTCCAGCCTGGGAGGTCCCTGAGACTCTCCTGTGCAGCCTCTGGATTCACCTTCAGTAGCTATGGCATGAGCTGGGTCCGCCAGGCTCCAGGCAAGGGGC,,0,flu,influenza,0
flu_00363,CAGGTGCAGCTGCAGGAGTCGGGCCCAGGACTGGTGAAGCCTTCGGAGACCCTGTCCCTCACCTGCACTGTCTCTGGTGGCTCCATCAGGAGTTACTACTGGAGCTGGATCCGGCAGCCCCCAGGAAAGG,,0,flu,influenza,0
flu_00366,CAGGTGCAGCTGCAGGAGTCGGGCCCAGGACTGGTGAAGCCTTCGGAGACCCTGTCCCTCACCTGCACTGTCTCCGGCGGCTCCATCACCAGGAGTGGGTTCTACTGGGGCTGGATCCGCCAGCCCCCAG,,0,flu,influenza,0
flu_00369,CAGGTGCAGCTACAGCAGTGGGGCGCAGGACTGTTGAAGCCTTCGGAGACCCTGTCCCTCACCTGCGCTGTCTCTGGTGGGTCCTTCAGTGGTTACTACTGGGCCTGGATCCGCCAGCCCCCAGGGAAGG,,0,flu,influenza,0
flu_00371,GAGGTGCAGCTGGTGGAGTCTGGGGGGGGCTTGGTACAGCCTGGAGGGTCCCTGAGAGTCTCCTGTGCAGCCTCTGGATTCACCTTCAGGAATTATGAAATGAACTGGGTCCGCCAGGCTCCAGGGAAGG,,0,flu,influenza,0
flu_00372,CAGGTGCAGCTGCAGGAGTCGGGCCCAGGACTGGTGAAGCCTTCGGAGACCCTGTCCCTCACCTGCGCTGTCTCTAATTATTCCCTCACTAGTGGTTACTATTGGGGATGGATCCGGCAGTCCCCAGGGA,,0,flu,influenza,0
flu_00374,AGGTGCAGCTGGTGGAGTCTGGGGGAGGCTTGGTCAGGCCAGGAGGGTCCCTGAGACTCTCCTGTGCAGCCTCTGGATTCACCTTCAGTGACTACTATATGAGCTGGATACGCCAGGCTCCAGGGAAGGG,,5,flu,influenza,1
flu_00375,GAGGTGCAGCTGGTGGAGTCTGGGGGAGGCCTGGTCAAGCCGGGGGGGTCCCTGAGACTCTCCTGTGCAGCCTCTGGATTCACCTTCAATACTCATAGCATGAACTGGGTCCGCCAGGCGCCAGGGAAGG,,5,flu,influenza,1
flu_00376,GAGGTGCAGCTGTTGGAGTCTGGGGGAGGCTTGGTACAGCCTGGGGGGTCCCTGAGACTCTCCTGTGCAGCCTCTGGATTCACCTTTAGCACCTACGCCATGAGCTGGGTCCGCCAGGCTCCAGGGAAGG,,6,flu,influenza,1
flu_00377,CAGGTGCAGCTGCAGGAGTCGGGCCCAGGACTGGTGAAGCCTTCGGAGACCCTGTCCCTCACCTGCGCTGTCTCTGGTTACTCCATCAGCAGTGCTTACTACTGGGGCTGGGTCCGGCAGCCCCCAGGGA,,0,flu,influenza,0
gut_hiv_00000,TAATCTAACTTATGTATCATACACATACGATTTAGGTGACACTATAGAATAACATCCACTTTGCCTTTCTCTCCACAGGTGTCCACTCCCAGGTCCAACTGCACCTCGGTTCTATCGATTGAATTCCACC,,0,gut_hiv,hiv,0
gut_hiv_00001,TAATCCTACTTATGTATCATACACATACGATTTAGGTGACACTATAGAATAACATCCACTTTGCCTTTCTCTCCACAGGTGTCCACTCCCAGGTCCAACTGCACCTCGGTTCTATCGATTGAATTCCACC,,0,gut_hiv,hiv,0
gut_hiv_00002,TATCTAACCTTATGTATCATACACATACGATTTAGGTGACACTATAGAATAACATCCACTTTGCCTTTCTCTCCACAGGTGTCCACTCCCAGGTCCAACTGCACCTCGGTTCTATCGATTGAATTCCACC,,4,gut_hiv,hiv,1
gut_hiv_00004,TATCTACCTTATGTATCATACACATACGATTTAGGTGACACTATAGAATAACATCCACTTTGCCTTTCTCTCCACAGGTGTCCACTCCCAGGTCCAACTGCACCTCGGTTCTATCGATTGAATTCCACCA,,0,gut_hiv,hiv,0
gut_hiv_00005,TCATCTACCTTATGTATCATACACATACGATTTAGGTGACACTATAGAATAACATCCACTTTGCCTTTCTCTCCACAGGTGTCCACTCCCAGGTCCAACTGCACCTCGGTTCTATCGATTGAATTCCACC,,0,gut_hiv,hiv,0
gut_hiv_00007,AAATCAAACCTTATGTATCATACACATACGATTTAGGTGACACTATAGAATAACATCCACTTTGCCTTTCTCTCCACAGGTGTCCACTCCCAGGTCCAACTGCACCTCGGTTCTATCGATTGAATTCCAC,,4,gut_hiv,hiv,1
gut_hiv_00008,AAATCTAACTTATGTATCATACACATACGATTTAGGTGACACTATAGAATAACATCCACTTTGCCTTTCTCTCCACAGGTGTCCACTCCCAGGTCCAACTGCACCTCGGTTCTATCGATTGAATTCCACC,,0,gut_hiv,hiv,0
gut_hiv_00010,TATTCTTACTTATGTATCATACACATACGATTTAGGTGACACTATAGAATAACATCCACTTTGCCTTTCTCTCCACAGGTGTCCACTCCCAGGTCCAACTGCACCTCGGTTCTATCGATTGAATTCCACC,,0,gut_hiv,hiv,0
gut_hiv_00012,AAATCTACTTATGTATCATACACATACGATTTAGGTGACACTATAGAATAACATCCACTTTGCCTTTCTCTCCACAGGTGTCCACTCCCAGGTCCAACTGCACCTCGGTTCTATCGATTGAATTCCACCA,,4,gut_hiv,hiv,1
gut_hiv_00014,TAATCTACTTATGTATCATACACATACGATTTAGGTGACACTATAGAATAACATCCACTTTGCCTTTCTCTCCACAGGTGTCCACTCCCAGGTCCAACTGCACCTCGGTTCTATCGATTGAATTCCACCA,,4,gut_hiv,hiv,1
gut_hiv_00017,ATAACCTTATGTATCATACACATACGATTTAGGTGACACTATAGAATAACATCCACTTTGCCTTTCTCTCCACAGGTGTCCACTCCCAGGTCCAACTGCACCTCGGTTCTATCGATTGAATTCCACCATG,,0,gut_hiv,hiv,0
gut_hiv_00018,CCACCATGGGATGGTCATGTATCATCCTTTTTCTAGTAGCAACTGCAACCGGTGTACATTCTGAGGTGCAGCTGTTGGAGTCTGGGGGAGGCTTGGTACAGCCTGGGGGGTCCCTGAAACTCTCCTGTGC,,0,gut_hiv,hiv,0
gut_hiv_00023,TAGCTTATGTATCATACACATACGATTTAGGTGACACTATAGAATAACATCCACTTTGCCTTTCTCTCCACAGGTGTCCACTCCCAGGTCCAACTGCACCTCGGTTCTATCGATTGAATTCCACCATGGG,,0,gut_hiv,hiv,0
gut_hiv_00024,ATAACTTATGTATCATACACATACGATTTAGGTGACACTATAGAATAACATCCACTTTGCCTTTCTCTCCACAGGTGTCCACTCCCAGGTCCAACTGCACCTCGGTTCTATCGATTGAATTCCACCATGG,,0,gut_hiv,hiv,0
gut_hiv_00025,AAACGTATGTATCTACACATACGATTTAGGTGACACTATAGAATAACATCCACTTTGCCTTTCTCTCCACAGGTGTCCACTCCCAGGTCCAACTGCACCTCGGTTCTATCGATTGAATTCCACCATGGGA,,0,gut_hiv,hiv,0
gut_hiv_00029,ATAACGATGTATCTACACATACGATTTAGGTGACACTATAGAATAACATCCACTTTGCCTTTCTCTCCACAGGTGTCCACTCCCAGGTCCAACTGCACCTCGGTTCTATCGATTGAATTCCACCATGGGA,,0,gut_hiv,hiv,0
gut_hiv_00030,CGGGTACATTCCCAGGTGCAGCTGCAGGAGTCGGGCCCAGGACTGGTGAAGCCTTCGGAGACCCTGTCCCTCACCTGCACTGTCTCTGGTGACTCCCTCAGTAATAATTACTGGCACTGGATCCGGCAGC,,4,gut_hiv,hiv,1
gut_hiv_00035,TTAACTTATGTATCATACACATACGATTTAGGTGACACTATAGAATAACATCCACTTTGCCTTTCTCTCCACAGGTGTCCACTCCCAGGTCCAACTGCACCTCGGTTCTATCGATTGAATTCCACCATGG,,4,gut_hiv,hiv,1
gut_hiv_00036,TATAGGCTTATGTATCATACACATACGATTTAGGTGACACTATAGAATAACATCCACTTTGCCTTTCTCTCCACAGGTGTCCACTCCCAGGTCCAACTGCACCTCGGTTCTATCGATTGAATTCCACCAT,,0,gut_hiv,hiv,0
gut_hiv_00037,TTACGACCTTATGTATCATACACATACGATTTAGGTGACACTATAGAATAACATCCACTTTGCCTTTCTCTCCACAGGTGTCCACTCCCAGGTCCAACTGCACCTCGGTTCTATCGATTGAATTCCACCA,,0,gut_hiv,hiv,0
gut_hiv_00038,AATGGGCGTATGTATCATACACATACGATTTAGGTGACACTATAGAATAACATCCACTTTGCCTTTCTCTCCACAGGTGTCCACTCCCAGGTCCAACTGCACCTCGGTTCTATCGATTGAATTCCACCAT,,0,gut_hiv,hiv,0
gut_hiv_00039,TCTGGCGATGTATCATACACATACGATTTAGGTGACACTATAGAATAACATCCACTTTGCCTTTCTCTCCACAGGTGTCCACTCCCAGGTCCAACTGCACCTCGGTTCTATCGATTGAATTCCACCATGG,,0,gut_hiv,hiv,0
gut_hiv_00040,AACCGGACCTGTATGTATCATACACATACGATTTAGGTGACACTATAGAATAACATCCACTTTTGCCTTTTCTCTCCACAGGTGTCCACTCCCAGGTCCAACTGCACCTCGGTTCTATCGATTGAATTCC,,0,gut_hiv,hiv,0
gut_hiv_00041,TACTGCACCTTATGTATCATACACATACGATTTAGGTGACACTATAGAATAACATCCACTTTGCCTTTCTCTCCACAGGTGTCCACTCCCAGGTCCAACTGCACCTCGGTTCTATCGATTGAATTCCACC,,0,gut_hiv,hiv,0
gut_hiv_00042,ATCAGCCCTTATGTATCATACACATACGATTTAGGTGACACTATAGAATAACATCCACTTTGCCTTTCTCTCCACAGGTGTCCACTCCCAGGTCCAACTGCACCTCGGTTCTATCGATTGAATTCCACCA,,0,gut_hiv,hiv,0
gut_hiv_00043,TACAAGCCCTTATGTATCATACACATACGATTTAGGTGACACTATAGAATAACATCCACTTTGCCTTTCTCTCCACAGGTGTCCACTCCCAGGTCCAACTGCACCTCGGTTCTATCGATTGAATTCCACC,,0,gut_hiv,hiv,0
gut_hiv_00044,TACCGAACCTTATGTATCATACACATACGATTTAGGTGACACTATAGAATAACATCCACTTTGCCTTTCTCTCCACAGGTGTCCACTCCCAGGTCCAACTGCACCTCGGTTCTATCGATTGAATTCCACC,,4,gut_hiv,hiv,1
gut_hiv_00045,AAACCATACCTTATGTATCATACACATACGATTTAGGTGACACTATAGAATAACATCCACTTTGCCTTTCTCTCCACAGGTGTCCACTCCCAGGTCCAACTGCACCTCGGTTCTATCGATTGAATTCCAC,,0,gut_hiv,hiv,0
gut_hiv_00047,AAGCCGCTTATGTATCATACACATACGATTTAGGTGACACTATAGAATAACATCCACTTTGCCTTTCTCTCCACAGGTGTCCACTCCCAGGTCCAACTGCACCTCGGTTCTATCGATTGAATTCCACCAT,,0,gut_hiv,hiv,0
gut_hiv_00048,TACCAAAACCTTTATGTATCATACACATACGATTTAGGTGACACTATAGAATAACATCCACTTTGCCTTTCTCTCCACAGGTGTCCACTCCCAGGTCCAACTGCACCTCGGTTCTATCGATTGAATTCCA,,0,gut_hiv,hiv,0
gut_hiv_00050,AAATCGAACTTATGTATCATACACATACGATTTAGGTGACACTATAGAATAACATCCACTTTGCCTTTCTCTCCACAGGTGTCCACTCCCAGGTCCAACTGCACCTCGGTTCTATCGATTGAATTCCACC,,4,gut_hiv,hiv,1
gut_hiv_00051,AACTGGCTGTATGTATCATACACATACGATTTAGGTGACACTATAGAATAACATCCACTTTGCCTTTCTCTCCACAGGTGTCCACTCCCAGGTCCAACTGCACCTCGGTTCTATCGATTGAATTCCACCA,,0,gut_hiv,hiv,0
gut_hiv_00053,AACCGGACCCTTATGTATCATACACATACGATTTAGGTGACACTATAGAATAACATCCACTTTTGCCTTTTCTCTCCACAGGTGTCCACTCCCAGGTCCAACTGCACCTCGGTTCTATCGATTGAATTCC,,0,gut_hiv,hiv,0
gut_hiv_00054,ATCCCGACCTTATGTATCATACACATACGATTTAGGTGACACTATAGAATAACATCCACTTTGCCTTTCTCTCCACAGGTGTCCACTCCCAGGTCCAACTGCACCTCGGTTCTATCGATTGAATTCCACC,,0,gut_hiv,hiv,0
gut_hiv_00056,TATGGAACTTATGTATCATACACATACGATTTAGGTGACACTATAGAATAACATCCACTTTGCCTTTCTCTCCACAGGTGTCCACTCCCAGGTCCAACTGCACCTCGGTTCTATCGATTGAATTCCACCA,,4,gut_hiv,hiv,1
gut_hiv_00058,AACTGCGTATGTATCATACACATACGATTTAGGTGACACTATAGAATAACATCCACTTTGCCTTTCTCTCCACAGGTGTCCACTCCCAGGTCCAACTGCACCTCGGTTCTATCGATTGAATTCCACCATG,,4,gut_hiv,hiv,1
gut_hiv_00059,GATGCTTATGTATCATACACATACGATTTAGGTGACACTATAGAATAACATCCACTTTGCCTTTCTCTCCACAGGTGTCCACTCCCAGGTCCAACTGCACCTCGGTTCTATCGATTGAATTCCACCATGG,,4,gut_hiv,hiv,1
gut_hiv_00063,TCATGCCGTATGTATCATACACATACGATTTAGGTGACACTATAGAATAACATCCACTTTGCCTTTCTCTCCACAGGTGTCCACTCCCAGGTCCAACTGCACCTCGGTTCTATCGATTGAATTCCACCAT,,4,gut_hiv,hiv,1
gut_hiv_00065,AATCGACTTATGTATCATACACATACGATTTAGGTGACACTATAGAATAACATCCACTTTGCCTTTCTCTCCACAGGTGTCCACTCCCAGGTCCAACTGCACCTCGGTTCTATCGATTGAATTCCACCAT,,4,gut_hiv,hiv,1
gut_hiv_00066,TATCGACTTATGTATCATACACATACGATTTAGGTGACACTATAGAATAACATCCACTTTGCCTTTCTCTCCACAGGTGTCCACTCCCAGGTCCAACTGCACCTCGGTTCTATCGATTGAATTCCACCAT,,0,gut_hiv,hiv,0
gut_hiv_00067,TAATCGAACTTATGTATCATACACATACGATTTAGGTGACACTATAGAATAACATCCACTTTGCCTTTCTCTCCACAGGTGTCCACTCCCAGGTCCAACTGCACCTCGGTTCTATCGATTGAATTCCACC,,4,gut_hiv,hiv,1
gut_hiv_00068,ACCCTCCTACCTTATGTATCATACACATACGATTTAGGTGACACTATAGAATAACATCCACTTTGCCTTTCTCTCCACAGGTGTCCACTCCCAGGTCCAACTGCACCTCGGTTCTATCGATTGAATTCCA,,0,gut_hiv,hiv,0
gut_hiv_00069,TAATCGAACCTTATGTATCATACACATACGATTTAGGTGACACTATAGAATAACATCCACTTTGCCTTTCTCTCCACAGGTGTCCACTCCCAGGTCCAACTGCACCTCGGTTCTATCGATTGAATTCCAC,,0,gut_hiv,hiv,0
gut_hiv_00070,TATCTACTTATGTATCATACACATACGATTTAGGTGACACTATAGAATAACATCCACTTTGCCTTTCTCTCCACAGGTGTCCACTCCCAGGTCCAACTGCACCTCGGTTCTATCGATTGAATTCCACCAT,,0,gut_hiv,hiv,0
gut_hiv_00071,TTACTACCTTTATGTATCATACACATACGATTTAGGTGACACTATAGAATAACATCCACTTTGCCTTTCTCTCCACAGGTGTCCACTCCCAGGTCCAACTGCACCTCGGTTCTATCGATTGAATTCCACC,,0,gut_hiv,hiv,0
gut_hiv_00073,TGAATCTACCTTATGTATCATACACATACGATTTAGGTGACACTATAGAATAACATCCACTTTGCCTTTCTCTCCACAGGTGTCCACTCCCAGGTCCAACTGCACCTCGGTTCTATCGATTGAATTCCAC,,0,gut_hiv,hiv,0
nat_cntrl_00000,ANNNNNNNNNNTGNNTCATACACATACGATTTAGGTGACACTATAGAATAACATCCACTTTGCCTTTCTCTCCACAGGTGTCCACTCCCAGGTCCAACTGCACCTCGGTTCTATCGATTGAATTCCACCA,,0,nat_cntrl,hiv,0
nat_cntrl_00001,NNNNNNNNNNGNTNTANNATACGATTNAGGTGANNNNNANNAANNATNNCTCTTGCCTTTCTCTCNCAGGTGTCNACNNNAGGTCCAACTGCACCTCGGTTCNATCGATNGAATTCCACCATGGGATGGT,,0,nat_cntrl,hiv,0
nat_cntrl_00002,NNNNNCNNNGNTCTANNATACGANTTAGGTGANNNNNAGAANNNNTNNCTNNTGCCTTTCTCTNNNAGGTGTCNNCNCCCAGGTCCAACTGCACCNCGGTTCTANCGATTGAATNCCACCATGGGATGGT,,0,nat_cntrl,hiv,0
nat_cntrl_00006,ANNNNNNTNNNGNTNTACNCATACGATTTAGGTGACACNNNNNGAANAACNNNNACNNNGCCNNTTCTCTCCACAGGTGTCCACTCCCAGGTCCAACTNGCACCTCGGTTCTATCGATTGAATTCCACCA,,0,nat_cntrl,hiv,0
nat_cntrl_00007,AANNNNNNNNATNNNNATACACATACGATTTAGGTGACACTATAGAATAACATCCACTTTGCCTTTCTCTCCACAGGTGTCCACTCCCAGGTCCAACTGCACCTCGGTTCTATCGATTGAATTCCACCAT,,0,nat_cntrl,hiv,0
nat_cntrl_00008,NNNNNNNNNNGNTCTANNATACGATTTAGGTGACACNNNAGAANNCATNCACNNTTGCCNNTTCTCTCNACAGGTGTCNACNNCCAGGTCCAACNGCACCTCGGTTCTANCGATTGAATTCCACCATGGG,,0,nat_cntrl,hiv,0
nat_cntrl_00009,ANNNNNNCNNNNGNTCATACACATACGATTTAGGTGACACTTNNNNGAANNACATNCCACTTTGCCTTNCTCTCCACAGGTGTCCACTCCCAGGTCCAACTGCACCTCGGTTCTATCGATTGAATTCCAC,,0,nat_cntrl,hiv,0
nat_cntrl_00010,ANNNNNNNNNNNNNNNTACNCATACGATTTAGGTGACACTATAGAATAACATCCACTTTGCCTTTCTCTCCACAGGTGTCCACTCCCAGGTCCAACTGCACCTCGGTTCTATCGATTGAATTCCACCATG,,0,nat_cntrl,hiv,0
nat_cntrl_00011,ANNNNNNNNNTNNGTNTNNTACACATACGATTTAGGTGACACTTATAGAATAACATCCACTTTGCCTTNNTCTCCACAGGTGTCCACTCCCAGGTCCAACTGCACCTCGGTTCTATCGATTGAATTCCAC,,0,nat_cntrl,hiv,0
nat_cntrl_00012,NNNNNNNNGNTCTANNNTACGATTTAGGTGACNNATANNAAAATCACTCCGNCNTTCTTNCCAGGTGNNACTNNAGGTCCAACTGCACCTCGGTTTATCGAGNGAATTCCACCATGGGANGGTCATGTAT,,0,nat_cntrl,hiv,0
nat_cntrl_00013,NNNNNNNNCNNANGNNTNATACACATACGATTTAGGTGACACTATAGAATAACATCCACTTTGCCTTTCTCTCCACAGGTGTCCACTCCCAGGTCCAACTGCACCTCGGTTCTATCGATTGAATTCCACC,,0,nat_cntrl,hiv,0
nat_cntrl_00015,ANNNNNNNNNGNTNTACNCATACGATTTAGGTGACACTNATTAGAATAACATTCCACTNNGCCTTTNNTCTCCACAGGTGTCCACTCCCAGGTCCAACTNGCACCTCGGTTCTATCGATTGAATTCCACC,,0,nat_cntrl,hiv,0
nat_cntrl_00016,ANNNNNNNNGNTCTACNCATACGATTNNNGGTGANACNATNANANTAACATTCCACTNNGCCTNNCTCTCACAGGTGTCCACTCCCAGGTCCAACNGCACCTCGGTTCTATCGATTGAATTCCACCATGG,,0,nat_cntrl,hiv,0
nat_cntrl_00017,NNNNNNNNNGNTCTACNCATACGATNNNNGGTGANANNATNAGAAANCATCNACTNNGCCNNCTCTCNCAGGTGTCCACTNNAGGTCCAACTGCACCTCGGTTCTATCGATTGAATTCCACCATGGGATG,,0,nat_cntrl,hiv,0
nat_cntrl_00018,NNNNNNNNNGNTCTANNNTACGATTTAGGTGACACTNNTNNGAATTAACATTCCACNTNGCCTNNCTCTCCACAGGTGTCCACNCCCAGGTCCAACTTGCACCTCGGTTCTATCGATTGAATTCCACCAT,,0,nat_cntrl,hiv,0
nat_cntrl_00019,ANNNNNNNNNNTCTANNATACGATTTAGGTGANACNNANANGAANANNATTCACTTTTGNNTTTCTCTCACAGGTGTNNACTCTAGGTCCAACTTGCACCTCGGTTCNATCGATNGAATTCCACCANGGG,,0,nat_cntrl,hiv,0
nat_cntrl_00020,ANNNNNNNNNNGNTCTACNCATACGATTNAGGTGACANNNTNNNAANANCATTCCACTTNTGCCTNNCTCTNCACAGGTGTCCACTCCCCAGGTCCAACTNGCACCTCGGTTCTATCGATTGAATTCCAC,,0,nat_cntrl,hiv,0
nat_cntrl_00024,ANNNNNNNTNNGNTCTACNCATACGATTTAGGTGACACNNTNNGAANACATCCACTNNGCCTNNCTCTCNCAGGTGTCCACTCCCAGGTCCAACTGCACCTCGGTTCTATCGATTGAATTCCACCATGGG,,5,nat_cntrl,hiv,1
nat_cntrl_00025,ANNNNNCNNNNGNTCTACNCATACGATTTAGGTGACACTTNNNNGAANAACATTCCACTTNGCCNTNCTCTCCACAGGTGTCCACTCCCAGGTCCAACTTGCACCTCGGTTCTATCGATTGAATTCCACC,,6,nat_cntrl,hiv,1
nat_cntrl_00026,ANNNNNNNNNNGNNTNATACACATACGATTTAGGTNGACACTTATAGAATAACATCCACTTTGCCTTTCTCTCCACAGGTGTCCACTCCCAGGTCCAACTGCACCTCGGTTCTATCGATTGAATTCCACC,,6,nat_cntrl,hiv,1
nat_cntrl_00029,NNNNNNNNTNNGNTCTACACATACGATTTAGGTGACACTNNNAGAANAACATTCCACTNNGCCTTNCTCTCCACAGGTGTCCACTCCCAGGTCCAACTTGCACCTCGGTTCTATCGATTGAATTCCACCA,,0,nat_cntrl,hiv,0
nat_cntrl_00031,ANNNNNNNNGNTCTACNCATACGATTTAGGTAGACACTTATTAGAATAACATTCCACTNNTGCCTTTNCTNCTCCACAGGTGTCCACTCCCAGGTCCAACTGCACCTCGGTTCTATCGATTGAATTCCAC,,6,nat_cntrl,hiv,1
nat_cntrl_00032,ANNNNNNNNNNNNTCTACNCATACGATTNAGGTGACANNATNANNNAANATTCCACTNNGCCTCNTCTCTCACAGGTGTCCACTCCCAGGTCCAACTGCACCTCGGTTCTANCGATTGAATTCCACCATG,,0,nat_cntrl,hiv,0
nat_cntrl_00033,ANNNNNNNNNGNTNNTACACATACGATNNNNNGTGACACNNNNNGAATAACATNCACTNNGCCNTNNTCTCCACAGGTGTCCACTCCCAGGTCCAACTGCACCTCGGTTCTATCGATTGAATTCCACCAT,,0,nat_cntrl,hiv,0
nat_cntrl_00034,ANNNNNNNNNNGNTNNTACACATACGATTTAGGTGACACTATAGAATAACATCCACTTTGCCTTTCTCTCCACAGGTGTCCACTCCCAGGTCCAACTGCACCTCGGTTCTATCGATTGAATTCCACCATG,,5,nat_cntrl,hiv,1
nat_cntrl_00035,NNNNNNNNNNGNNTNNTACNCATACGATTTAGGTGACACTATAGAATAACATCCACTTTGCCTTTCTCTCCACAGGTGTCCACTCCCAGGTCCAACTGCACCTCGGTTCTATCGATTGAATTCCACCATG,,0,nat_cntrl,hiv,0
nat_cntrl_00036,AANNNNNNNNGNTCTACNCATACGATTTAGGTGACACTTATTAGAATAACATCCACTTNGCCTTTNCTNCTCCACAGGTGTCCACTCCCAGGTCCAACTGCACCTCGGTTCTATCGATTGAATTCCACCA,,0,nat_cntrl,hiv,0
nat_cntrl_00039,ANNNNNNNTNNGNTCTACACATACGATTTAGGTGACACTNNNNNGANNNACATNCCACTTNGCCNNNNTCTCCACAGGTGTCCACTCCCAGGTCCAACTTGCACCTCGGTTCTATCGATTGAATTCCACC,,6,nat_cntrl,hiv,1
nat_cntrl_00040,NNNNNNNNNNNGNTNNTACACATACGATTTAGGTGACACTATAGAATAACATCCACTTTGCCTTTCTCTCCACAGGTGTCCACTCCCAGGTCCAACTGCACCTCGGTTCTATCGATTGAATTCCACCATG,,6,nat_cntrl,hiv,1
nat_cntrl_00042,ANNNNNNNNTNNGNTCTACNCATACGATTTAGGTGACACNNNNNGAANAACNNCCACNNNGCCNTNCTCTCCACAGGTGTCCACTCCCAGGTCCAACNGCACCTCGGTTCTATCGATTGAATTCCACCAT,,5,nat_cntrl,hiv,1
nat_cntrl_00043,AANNNNNNNNNNNNCATACACATACGATTTAGGTGACACTATAGAATAACATCCACTTTGCCTTTCTCTCCACAGGTGTCCACTCCCAGGTCCAACTGCACCTCGGTTCTATCGATTGAATTCCACCATG,,0,nat_cntrl,hiv,0
nat_cntrl_00047,ANNNNNNCNNTNTGTNTCATACACATACGATTTAGGTGACACTTATAGAATAACATCCACTTTGCCTTTCTCTCCACAGGTGTCCACTCCCAGGTCCAACTGCACCTCGGTTCTATCGATTGAATTCCAC,,0,nat_cntrl,hiv,0
nat_cntrl_00049,ANNNNNANNNTNTGTNTNATACACATACGATTTAGGTGACACTATAGAATAACATCCACTTTGCCTTTCTCTCCACAGGTGTCCACTCCCAGGTCCAACTGCACCTCGGTTCTATCGATTGAATTCCACC,,0,nat_cntrl,hiv,0
nat_hiv_00000,NNNNNNNNNNNNNNTNNNNNNNTNCGATTTAGGTGACACTATAGAATAACATCCACTTTGCCTTTCTCTCCACAGGTGTCCACTCCCAGGTCCAACTGCACCTCGGTTCTATCGATTGAATTCCACCATG,,6,nat_hiv,hiv,1
nat_hiv_00001,NNNNNNNNNTNNGNTNNNNNCATANGATTTAGGTGACACTATAGAATAACATCCACTTTGCCTTTCTCTCCACAGGTGTCCACTCCCAGGTCCAACTGCACCTCGGTTCTATCGATTGAATTCCACCATG,,5,nat_hiv,hiv,1
nat_hiv_00003,ANNNNNNNTNNGNTNNTACACATACGATTTAGGTGACACTATAGAATAACATCCACTTTGCCTTTCTCTCCACAGGTGTCCACTCCCAGGTCCAACTGCACCTCGGTTCTATCGATTGAATTCCACCATG,,4,nat_hiv,hiv,1
nat_hiv_00004,NNNNNNNTTNTGTNTCATACACATNACGATTTNNGGTGACANTANNAGAANAACATCCACTTTGCCTTTCTCTCCACAGGTGTCCACTCCCAGGTCCAACTGCACCTCGGTTCTATCGATTGAATTCCAC,,5,nat_hiv,hiv,1
nat_hiv_00006,NNNNNNNNNGNNTCATACACATACGATTTAGGTGACACTATAGAATAACATCCACTTTGCCTTTCTCTCCACAGGTGTCCACTCCCAGGTCCAACTGCACCTCGGTTCTATCGATTGAATTCCACCATGG,,6,nat_hiv,hiv,1
nat_hiv_00007,NNNNNNCNNNGNTCTACACATACGATTTAGGTGACNTATAGAAAACATCCACTTTGCCTTTCTCTNACAGGTGTCCACTCCCAGGTCCAACTGCACCTCGGTTCTATCGATTGAATTCCACCATGGGATG,,6,nat_hiv,hiv,1
nat_hiv_00008,ANNNNNNNNNTNNGNTCATACACATACGATTTAGGTGACACTATAGAATAACATCCACTTTGCCTTTCTCTCCACAGGTGTCCACTCCCAGGTCCAACTGCACCTCGGTTCTATCGATTGAATTCCACCA,,6,nat_hiv,hiv,1
nat_hiv_00009,NNNNNNNATGTNTCATACACATACGATTTAGGTGACACTATAGAATAACATCCACTTTGCCTTTCTCTCCACAGGTGTCCACTCCCAGGTCCAACTGCACCTCGGTTCTATCGATTGAATTCCACCATGG,,5,nat_hiv,hiv,1
nat_hiv_00010,NNNNNNNNTATGTNTCATACACATACGATTTAGGTGACACTATAGAATAACATCCACTTTGCCTTTCTCTCCACAGGTGTCCACTCCCAGGTCCAACTGCACCTCGGTTCTATCGATTGAATTCCACCAT,,4,nat_hiv,hiv,1
nat_hiv_00011,NNNNNNNNNTGAGTGAGAAGCTGGTCTCGGTGAGGTCTCTGCAGGCTTCTGGAGGCACCTTCAGCAGTTTTCCTATCACCTGGGTGCGGCAGGCCCCTGGACAAGGGCTTGAGTGGATGGGAGGGATCAT,,5,nat_hiv,hiv,1
nat_hiv_00012,ANNNNCNNNGNNNTACNCATACGATTTAGGTGACACTATAGAATAACATCCACTTTGCCTTTCTCTCCACAGGTGTCCACTCCCAGGTCCAACTGCACCTCGGTTCTATCGATTGAATTCCACCATGGGA,,0,nat_hiv,hiv,0
nat_hiv_00013,ANNNNNNNNTATGTNTCATACACATACGATTTAGGTGACACTATAGAATAACATCCACTTTGCCTTTCTCTCCACAGGTGTCCACTCCCAGGTCCAACTGCACCTCGGTTCTATCGATTGAATTCCACCA,,0,nat_hiv,hiv,0
nat_hiv_00015,ANNNNNNNNNGNTNTACACATACGATTTAGGTGACACTATAGAATAACATCCACTTTGCCTTTCTCTCCACAGGTGTCCACTCCCAGGTCCAACTGCACCTCGGTTCTATCGATTGAATTCCACCATGGG,,6,nat_hiv,hiv,1
nat_hiv_00016,NNNNNNNNNNTNNGNNTNATACACATACGATTTAGGTGACACTATAGAATAACATCCACTTTGCCTTTCTCTCCACAGGTGTCCACTCCCAGGTCCAACTGCACCTCGGTTCTATCGATTGAATTCCACC,,6,nat_hiv,hiv,1
nat_hiv_00017,NNNNNNNNNNNNNNNNTACACATACGATTTAGGTGACACTATAGAATAACATCCACTTTGCCTTTCTCTCCACAGGTGTCCACTCCCAGGTCCAACTGCACCTCGGTTCTATCGATTGAATTCCACCATG,,6,nat_hiv,hiv,1
nat_hiv_00018,ANNNNNNNNNTNTGNTNTNNNCATACGATTTAGGTGACACTATAGAATAACATCCACTTTGCCTTTCTCTCCACAGGTGTCCACTCCCAGGTCCAACTGCACCTCGGTTCTATCGATTGAATTCCACCAT,,5,nat_hiv,hiv,1
nat_hiv_00019,AANNNNNNNNNTATNNNCATACACATACGATTTAGGTGACACTATAGAATAACATCCACTTTGCCTTTCTCTCCACAGGTGTCCACTCCCAGGTCCAACTGCACCTCGGTTCTATCGATTGAATTCCACC,,6,nat_hiv,hiv,1
nat_hiv_00021,NNNNNNTNNGNTCATACACATACGATTTTNGGTGACACTANAGAAAACATCCACTTTGCCTTNCTCTCCACAGGTGTCCACTCCCAGGTCCAACTGCACCTCGGTTCTATCGATTGAATTCCACCATGGG,,5,nat_hiv,hiv,1
nat_hiv_00022,ANNNNNNCNTNTGNNTCATACACATACGATTTAGGTGACACTATAGAATAACATCCACTTTGCCTTTCTCTCCACAGGTGTCCACTCCCAGGTCCAACTGCACCTCGGTTCTATCGATTGAATTCCACCA,,0,nat_hiv,hiv,0
nat_hiv_00023,TTAGGTGACACTATAGAATAACATCCACTTTGCCTTTCTCTCCACAGGTGTCCACTCCCAGGTCCAACTGCACCTCGGTTCTATCGATTGAATTCCACCATGGGATGGTCATGTATCATCCTTTTTCTAG,,6,nat_hiv,hiv,1
nat_hiv_00024,ANNNNNNNNATGTATCATACACATACGATTTAGGTGACACTATAGAATAACATCCACTTTGCCTTTCTCTCCACAGGTGTCCACTCCCAGGTCCAACTGCACCTCGGTTCTATCGATTGAATTCCACCAT,,5,nat_hiv,hiv,1
nat_hiv_00025,TACACATACGATTTAGGTGACACTATAGAATAACATCCACTTTGCCTTTCTCTCCACAGGTGTCCACTCCCAGGTCCAACTGCACCTCGGTTCTATCGATTGAATTCCACCATGGGATGGTCATGTATCA,,6,nat_hiv,hiv,1
nat_hiv_00028,NNNNNNNNNNNNTGNNTNNTACNCATACGNTTTAGGTGACACTATAGAATAACATCCACTTTGCCTTTCTCTCCACAGGTGTCCACTCCCAGGTCCAACTGCACCTCGGTTCTATCGATTGAATTCCACC,,6,nat_hiv,hiv,1
nat_hiv_00029,NNNNNNNNCNNNNNNNNCNTACACATACGATTTAGGTGACACTATAGAATAACATCCACTTTGCCTTTCTCTCCACAGGTGTCCACTCCCAGGTCCAACTGCACCTCGGTTCTATCGATTGAATTCCACC,,4,nat_hiv,hiv,1
nat_hiv_00030,NNNNNNNNNNTGNNTCATACACATACGATTTAGGTGACACTATAGAATAACATCCACTTTGCCTTTCTCTCCACAGGTGTCCACTCCCAGGTCCAACTGCACCTCGGTTCTATCGATTGAATTCCACCAT,,0,nat_hiv,hiv,0
nat_hiv_00032,NNNNNNTNNGNNGACACTATAGAATAACATCCACTTTGCCTTTCTCTCCACAGGTGTCCACTCCCAGGTCCAACTGCACCTCGGTTCTATCGATTGAATTCCACCATGGGATGGTCATGTATCATCCTTT,,0,nat_hiv,hiv,0
nat_hiv_00033,NNNNNNNATACACATACGATTTAGGTGACACTATAGAATAACATCCACTTTGCCTTTCTCTCCACAGGTGTCCACTCCCAGGTCCAACTGCACCTCGGTTCTATCGATTGAATTCCACCATGGGATGGTC,,0,nat_hiv,hiv,0
nat_hiv_00034,NNNNNNNNNGNNNNGNNGCGGCCTGNNNGGNCCCTGAGAATCTCCTGTGTCCTCTCGGGGATTCNGNCTAGATGAGTATGCCATGCACTGGGTCCGCCAGACTCCAGGCAAGGGCCTGGAGTGGATGGCT,,0,nat_hiv,hiv,0
nat_hiv_00037,NNNGNNNNTTAGNNGACACTATAGAATAACATCCACTTTGCCTTTCTCTCCACAGGTGTCCACTCCCAGGTCCAACTGCACCTCGGTTCTATCGATTGAATTCCACCATGGGATGGTCATGTATCATCCT,,6,nat_hiv,hiv,1
nat_hiv_00038,NNNNNNNTNTGTNTNATACACATACGATTTAGGTGACACTATAGAATAACATCCACTTTGCCTTTCTCTCCACAGGTGTCCACTCCCAGGTCCAACTGCACCTCGGTTCTATCGATTGAATTCCACCATG,,6,nat_hiv,hiv,1
nat_hiv_00041,ANNNNNNNNNNNNGNTCATACNCATACGATTTAGGTGACACTATAGAATAACATCCACTTTGCCTTTCTCTCCACAGGTGTCCACTCCCAGGTCCAACTGCACCTCGGTTCTATCGATTGAATTCCACCA,,6,nat_hiv,hiv,1
nat_hiv_00045,CATACGATTTAGGTGACACTATAGAATAACATCCACTTTGCCTTTCTCTCCACAGGTGTCCACTCCCAGGTCCAACTGCACCTCGGTTCTATCGATTGAATTCCACCATGGGATGGTCATGTATCATCCT,,6,nat_hiv,hiv,1
nat_hiv_00051,ACACATACGATTTAGGTGACACTATAGAATAACATCCACTTTGCCTTTCTCTCCACAGGTGTCCACTCCCAGGTCCAACTGCACCTCGGTTCTATCGATTGAATTCCACCATGGGATGGTCATGTATCAT,,6,nat_hiv,hiv,1
nat_hiv_00057,CATACGATTTAGGTTGACACTATAGAATAACATCCACTTTTGCCTTTCTCTCCACAGGTGTCCACTCCCAGGTCCAACTGCACCTCGGTTCTATCGATTGAATTCCACCATGGGATGGTCATGTATCATC,,5,nat_hiv,hiv,1
nat_hiv_00058,NNNNNNNNTNTGTNTCNTACACATACGATTTAGGTGACACTATAGAATAACATCCACTTTGCCTTTCTCTCCACAGGTGTCCACTCCCAGGTCCAACTGCACCTCGGTTCTATCGATTGAATTCCACCAT,,5,nat_hiv,hiv,1
nat_hiv_00059,TACGATTTAGGTGACACTATAGAATAACATCCACTTTGCCTTTCTCTCCACAGGTGTCCACTCCCAGGTCCAACTGCACCTCGGTTCTATCGATTGAATTCCACCATGGGATGGTCATGTATCATCCTTT,,6,nat_hiv,hiv,1
nat_hiv_00063,ANNNNNNNNTNTGTNTCATACACATACGATTTAGGTGACACTATAGAATAACATCCACTTTGCCTTTCTCTCCACAGGTGTCCACTCCCAGGTCCAACTGCACCTCGGTTCTATCGATTGAATTCCACCA,,5,nat_hiv,hiv,1
nat_hiv_00068,NNNNNNNNNNNTGTNTCATACACATACGATTTAGGTGACACTATAGAATAACATCCACTTTGCCTTTCTCTCCACAGGTGTCCACTCCCAGGTCCAACTGCACCTCGGTTCTATCGATTGAATTCCACCA,,5,nat_hiv,hiv,1
nat_hiv_00071,GNTGACACTATAGAATAACATCCANTNTGCCTTTCTCTCCACAGGTGNNCACTCCCAGGTCCAACTGCACCTCGGTNCTATCGATTGAATTCCACCATGGGATGGTCATGTATCATCCTTTTTCTAGTAG,,0,nat_hiv,hiv,0
nat_hiv_00072,ACATACGATTTAGGTGACACTATAGAATAACATCCACTNTGCCTTTCTCTCCACAGGTGTCCACTCCCAGGTCCAACTGCACCTCGGTTCTATCGATTGAATTCCACCATGGGATGGTCATGTATCATCC,,0,nat_hiv,hiv,0
nat_hiv_00073,ACATACGATTTAGGTGACACTATAGAATAACATCCACTTTGCCTTTCTCTCCNCAGGTGTCCACTCCCAGGTCCAACTGCACCTCGGTTCTATCGATTGAATTCCACCATGGGATGGTCATGTATCATCC,,5,nat_hiv,hiv,1
nat_hiv_00074,GCACCTCGGTTCTATCGATTGAATNCCACCATGGGATGGTCATGTATCATCCTTTTTCTAGTAGCAACTGCAACCGGTGTACATTCTGAGGTGCAGCTGGTGGAGTCTGGGGGGGGCGTGGTCCAGCCTG,,5,nat_hiv,hiv,1
nat_hiv_00075,TACGATTTAGGTTGACACTATAGAATAACATCCACTTTTGCCTTTCTCTCCACAGGTGTCCACTCCCAGGTCCAACTGCACCTCGGTTCTATCGATTGAATTCCACCATGGGATGGTCATGTATCATCCT,,6,nat_hiv,hiv,1
nat_hiv_00076,CATACGATTTAGGTGACACTATAGAATAACATCCACTTTGCCTTTCTCTCMCAGGTGTCCACTCCCAGGTCCAACTGCACCTCGGTTCTATCGATTGAATTCCACCATGGGATGGTCATGTATCATCCTT,,6,nat_hiv,hiv,1
nat_hiv_00078,AGGNTGACACTATAGAATAACATCCACTNNNGCCTTTCTCTCCACAGGTGTCCACTCCCAGGTCCAACTGCACCTCGGTTCTATCGATTGAATTCCACCATGGGATGGTCATGTATCATCCTTTTTCTAG,,4,nat_hiv,hiv,1
nat_hiv_00079,ACACATACGATTTAGGTGACACTATAGAATAACATCCACTTTGCCTTTCTCTCCNCAGGTGTCCACTCCCAGGTCCAACTGCACCTCGGTTCTATCGATTGAATTCCACCATGGGATGGTCATGTATCAT,,6,nat_hiv,hiv,1
nat_hiv_00080,GCCTTTCTCTCCACAGGTGTCCACTCCCAGGTCCAACTGCACCTCGGTTCTATCGATTGAATTCCACCATGGGATGGTCATGTATCATCCTTTTTCTAGTAGCAACTGCAACCGGTGTACATTCCCAGGT,,5,nat_hiv,hiv,1
nat_hiv_00085,ACATACGATTTAGGTGACACTATAGAATAACATCCACTTTGCCTTTCTCTCCACAGGTGTCCACTCCCAGGTCCAACTGCACCTCGGTTCTATCGATTGAATTCCACCATGGGATGGTCATGTATCATCC,,6,nat_hiv,hiv,1
nat_hiv_00091,ANNNNNNNNNNNNNCATACACATACGATTTAGGTGACACTATAGAATAACATCCACTTTGCCTTTCTCTCCACAGGTGTCCACTCCCAGGTCCAACTGCACCTCGGTTCTATCGATTGAATTCCACCATG,,5,nat_hiv,hiv,1
nat_hiv_00093,ATACGATTTAGGTGACACTATAGAATAACATCCACTTTGCCTTTCTCTCCACAGGTGTCCACTCCCAGGTCCAACTGCACCTCGGTTCTATCGATTGAATTCCACCATGGGATGGTCATGTATCATCCTT,,6,nat_hiv,hiv,1
nat_hiv_00094,ATACGATTTAGGTGACACTATAGAATAACATCCACTTTGCCTTTCTCTCCNCAGGTGTCCACTCCCAGGTCCAACTGCACCTCGGTTCTATCGATTGAATTCCACCATGGGATGGTCATGTATCATCCTT,,6,nat_hiv,hiv,1
nat_hiv_00095,NNGACACTATAGAATAACATCCACNNNNGCCTTTCTCTCCACAGGTGNCCNCTCCCAGGTCCAACTGCACCTCGGTTCTATCGATTGAATTCCACCATGGGATGGTCATGTATCATCCTTTTTCTAGTAG,,6,nat_hiv,hiv,1
nat_hiv_00097,NTACACATACGATTTAGGTGACACTATAGAATAACATCCACTTTGCCTTTCTCTCCACAGGTGTCCACTCCCAGGTCCAACTGCACCTCGGTTCTATCGATTGAATTCCACCATGGGATGGTCATGTATC,,0,nat_hiv,hiv,0
nat_hiv_00098,TGACACTATAGAATAACATCCANTNTGCCTTTCTCTCCACAGGTGTCCACTCCCAGGTCCAACTGCACCTCGGTTCTATCGATTGAATTCCACCATGGGATGGTCATGTATCATCCTNTTTCTAGTAGCA,,5,nat_hiv,hiv,1
nat_hiv_00100,NNGACACTATAGAATAACATCCANNNNGCCTTTCTCTCCACAGGTGTCCACTCCCAGGTCCAACTGCACCTCGGTNCTATCGATTGAATNCNNCCATGGGATGGTCATGNNTNATCCTNTTTCTAGTAGC,,4,nat_hiv,hiv,1
nat_hiv_00105,TGCCTTTCTCTCCNCAGGTGTCCACTCCCAGGTCCAACTGCACCTCGGTTCTATCGATTGAATTCCACCATGGGATGGTCATGTATCATCCTTTTTCTAGTAGCAACTGCAACCGGTGTACATTCCCAGG,,4,nat_hiv,hiv,1
nat_hiv_00106,ATAACATCCACTTTGCCTTTCTCTCCACAGGTGTCCACTCCCAGGTCCAACTGCACCTCGGTTCTATCGATTGAATTCCACCATGGGATGGTCATGTATCATCCTTTTTCTAGTAGCAACTGCAACCGGT,,4,nat_hiv,hiv,1
nat_hiv_00107,GNNGACACTATAGAATAACATCCACTNTGCCTTTCTCTCCACAGGTGTCCACTCCCAGGTCCAACTGCACCTCGGTTCTATCGATTGAATNCCACCATGGGATGGTCATGTATCATCCTTTTTCTAGTAG,,6,nat_hiv,hiv,1
nat_hiv_00108,GACACTATAGAATAACATCCACTNTGCCTTTCTCTCCACAGGTGTCCACTCCCAGGTCCAACTGCACCTCGGTTCTATCGATTGAATTCCACCATGGGATGGTCATGTATCATCCTTTTTCTAGTAGCAA,,4,nat_hiv,hiv,1
nat_hiv_00109,GNNGACACTATAGAATAACATCCACTNNGCCTTTCTCTCCACAGGTGTCCACTCCCAGGTCCAACNGCACCTCGGTTCTATCGATTGAATTCCACCATGGGATGGTCATGTATCATCCTTTTTCTAGTAG,,6,nat_hiv,hiv,1
nat_hiv_00110,ACATACGATTTAGGTGACACTATAGAATAACATCCACTTTGCCTTTCTCTCCNCAGGTGTCCNCTCCCAGGTCCAACTGCACCTCGGTTCTATCGATTGAATTCCACCATGGGATGGTCATGTATCATCC,,4,nat_hiv,hiv,1
nat_hiv_00116,ANNNNNCNNTATGTTCATACNCATACGATTTAGGTGACACTATAGAATAACATCCACTTTGCCTTTCTCTCCACAGGTGTCCACTCCCAGGTCCAACTGCACCTCGGTTCTATCGATTGAATTCCACCAT,,5,nat_hiv,hiv,1
nat_hiv_00117,ACNGCACCTCGGTNCTATCGATNGAATNCNACCATGGGATGGTCATGTATCATCCTNTTTCTAGTAGCAACTGCAACCGGTGTACATTCCCAGCTGCAGCTGCAGGAGTCGGGCCCAGGACTGGTGAAGC,,6,nat_hiv,hiv,1
nat_hiv_00121,NNNNNTTNNTANNCNTACGATTTAGGNGACACTATAGAATAACATCCACTTTGCCTTTCTCTCCACAGGTGTCCACTCCCAGGTCCAACTGCACCTCGGTTCTATCGATTGAATTCCACCATGGGATGGT,,0,nat_hiv,hiv,0
nat_hiv_00123,TNNNNNNNNNGGACACTATAGAATAACATCCACTTTGCCTTTCTCTCCACAGGTGTCCACTCCCAGGTCCAACTGCACCTCGGTTCTATCGATTGAATTCCACCATGGGATGGTCATGTATCATCCTTTT,,0,nat_hiv,hiv,0
nat_hiv_00125,NNNNNNNNNNNNANNTCNNNNNNNNTTGNTCATACACATACGATTTAGGTGACACTATAGAATAACATCCACTTTGCCTTTCTCTCCACAGGTGTCCACTCCCAGGTCCAACTGCACCTCGGTTCTATCG,,0,nat_hiv,hiv,0
nat_hiv_00126,NNNNTNNNTNNNTACNCATACGATTTAGNNGACACTATAGAATAACATCCACTTTGCCTTTCTCTCCACAGGTGTCCACTCCCAGGTCCAACTGCACCTCGGTTCTATCGATTGAATTCCACCATGGGAT,,6,nat_hiv,hiv,1
nat_hiv_00127,NNNNNNNNNGTATCNTACACATACGATTTAGGTGACACTATAGAATAACATCCACTTTGCCTTTCTCTCCACAGGTGTCCACTCCCAGGTCCAACTGCACCTCGGTTCTATCGATTGAATTCCACCATGG,,0,nat_hiv,hiv,0
nat_hiv_00128,TNNNNGGNNNNNGGACACTATAGAATAACATCCACTTTGCCTTTCTCTCCACAGGTGTCCACTCCCAGGTCCAACTGCACCTCGGTTCTATCGATTGAATTCCACCATGGGATGGTCATGTATCATCCTT,,6,nat_hiv,hiv,1
nat_hiv_00129,NNNNCNNNNGTNTCATACACATACGATTTAGGTGACACTATAGAATAACATCCACTTTGCCTTTCTCTCCACAGGTGTCCACTCCCAGGTCCAACTGCACCTCGGTTCTATCGATTGAATTCCACCATGG,,5,nat_hiv,hiv,1
nat_hiv_00130,NNNNNNNNNNNTGTATCATACACATACGATTTAGGTGACACTATAGAATAACATCCACTTTGCCTTTCTCTCCACAGGTGTCCACTCCCAGGTCCAACTGCACCTCGGTTCTATCGATTGAATTCCACCA,,5,nat_hiv,hiv,1
nat_hiv_00131,NNNNNNNNNNTGNNNCATACACATACGATTTAGGTGACACTATAGAATAACATCCACTTTGCCTTTCTCTCCACAGGTGTCCACTCCCAGGTCCAACTGCACCTCGGTTCTATCGATTGAATTCCACCAT,,5,nat_hiv,hiv,1
nat_hiv_00132,TNNNNNNTNGACACTATAGAATAACATCCACTTTGCCTTTCTCTCCACAGGTGTCCACTCCCAGGTCCAACTGCACCTCGGTTCTATCGATTGAATTCCACCATGGGATGGTCATGTATCATCCTTTTTC,,6,nat_hiv,hiv,1
plos_hiv_00000,ANNNNNNNTNNTTGTNNCATACACATACGATTTAGGTGACACTATAGAATAACATCCACTTTGCCTTTCTCTCCACAGGTGTCCACTCCCAGGTCCAACTGCACCTCGGTTCTATCGATTGAATTCCACC,,4,plos_hiv,hiv,1
plos_hiv_00001,NNNNNNNNTNNNNNNTNATNCACATACGATTTAGGTGACACTATAGAATAACATCCACTTTGCCTTTCTCTCCACAGGTGTCCACTCCCAGGTCCAACTGCACCTCGGTTCTATCGATTGAATTCCACCA,,4,plos_hiv,hiv,1
plos_hiv_00002,ANNNNNNNNNNNGNNNTCNTANNCANTACGATTTAGGTGACACTATAGAATAACATCCACTTTGCCTTTCTCTCCACAGGTGTCCACTCCCAGGTCCAACTGCACCTCGGTTCTATCGATTGAATTCCAC,,0,plos_hiv,hiv,0
plos_hiv_00003,NNNNNNNNNNNNNNNNNNTCATACACATACGATTTAGGTGACACTATAGAATAACATCCACTTTGCCTTTCTCTCCACAGGTGTCCACTCCCAGGTCCAACTGCACCTCGGTTCTATCGATTGAATTCCA,,4,plos_hiv,hiv,1
plos_hiv_00004,NNNNNNNNCNNNNTGNNTCATACACNTACGATTTAGGTGACACTATAGAATAACATCCACTTTGCCTTTCTCTCCACAGGTGTCCACTCCCAGGTCCAACTGCACCTCGGTTCTATCGATTGAATTCCAC,,4,plos_hiv,hiv,1
plos_hiv_00006,ATAGCGATGTATCATACACATACGATTTAGGTGACACTATAGAATAACATCCACTTTGCCTTTCTCTCCACAGGTGTCCACTCCCAGGTCCAACTGCACCTCGGTTCTATCGATTGAATTCCACCATGGG,,0,plos_hiv,hiv,0
plos_hiv_00007,AAAAACTTATGTATCATACACATACGATTTAGGTGACACTATAGAATAACATCCACTTTGCCTTTCTCTCCACAGGTGTCCACTCCCAGGTCCAACTGCACCTCGGTTCTATCGATTGAATTCCACCATG,,0,plos_hiv,hiv,0
plos_hiv_00008,AAAACTTATGTATCTACACATACGATTTAGGTGACACTATAGAATAACATCCACTTTGCCTTTCTCTCCACAGGTGTCCACTCCCAGGTCCAACTGCACCTCGGTTCTATCGATTGAATTCCACCATGGG,,4,plos_hiv,hiv,1
plos_hiv_00009,NNNNNNNNNNNTANNNCATANCGNTTNAGGTGACAACTATAGAATAACATCCACTTTGCCTTTCTCTCCACAGGTGTCCACTCCCAGGTCCAACTGCACCTCGGTTCTATCGATTGAATTCCACCATGGG,,0,plos_hiv,hiv,0
plos_hiv_00010,NNNNNNNNNNNNNTNTNNTACACATACGNTTTAGGTGACACTATAGAATAACATCCACTTTGCCTTTCTCTCCACAGGTGTCCACTCCCAGGTCCAACTGCACCTCGGTTCTATCGATTGAATTCCACCA,,0,plos_hiv,hiv,0
plos_hiv_00011,AAACCTTATGTATCTACACATACGATTTAGGTGACACTATAGAATAACATCCACTTTGCCTTTCTCTCCACAGGTGTCCACTCCCAGGTCCAACTGCACCTCGGTTCTATCGATTGAATTCCACCATGGG,,4,plos_hiv,hiv,1
plos_hiv_00012,NNNNNNNNNNNNNNTNNACATANCGATTTAGGTGACACTATAGAATAACATCCACTTTGCCTTTCTCTCCACAGGTGTCCACTCCCAGGTCCAACTGCACCTCGGTTCTATCGATTGAATTCCACCATGG,,4,plos_hiv,hiv,1
plos_hiv_00013,NNNNNNTNNNNGAANNTNGNGGNGGACANCNAATAAAAAAAACATCCACTTTGCCTTTCTCTCCACAGGTGTCCACTCCCAGGTCCAACTGCACCTCGGTTCTATCGATTGAATTCCACCATGGGATGGT,,4,plos_hiv,hiv,1
plos_hiv_00014,ANNNNNNNNNNTNNNGNATCATACACATACGATTTAGGTGACACTATAGAATAACATCCACTTTGCCTTTCTCTCCACAGGTGTCCACTCCCAGGTCCAACTGCACCTCGGTTCTATCGATTGAATTCCA,,4,plos_hiv,hiv,1
plos_hiv_00015,NNNNNNNNNNNTNTNNNTNNTACACATACNANTTAGGTGACACTATAGAATAACATCCACTTTGCCTTTCTCTCCACAGGTGTCCACTCCCAGGTCCAACTGCACCTCGGTTCTATCGATTGAATTCCAC,,4,plos_hiv,hiv,1
plos_hiv_00016,NNNNNNNNNNNNGNNGNTTNNTACACATACGNTTTAGGTGACACTATAGAATAACATCCACTTTGCCTTTCTCTCCACAGGTGTCCACTCCCAGGTCCAACTGCACCTCGGTTCTATCGATTGAATTCCA,,0,plos_hiv,hiv,0
plos_hiv_00017,NNNNNNNNNATNNNANCATNNCGNATTTAGGTGACACTATAGAATAACATCCACTTTGCCTTTCTCTCCACAGGTGTCCACTCCCAGGTCCAACTGCACCTCGGTTCTATCGATTGAATTCCACCATGGG,,0,plos_hiv,hiv,0
plos_hiv_00018,NNNNNNTNNATGTNTCATACACATACGNTTTAGGTGACACTATAGAATAACATCCACTTTGCCTTTCTCTCCACAGGTGTCCACTCCCAGGTCCAACTGCACCTCGGTTCTATCGATTGAATTCCACCAT,,4,plos_hiv,hiv,1
plos_hiv_00019,NNNNNTNNNGNNNNATACACATACGATTTAGGTGACACTATAGAATAACATCCACTTTGCCTTTCTCTCCACAGGTGTCCACTCCCAGGTCCAACTGCACCTCGGTTCTATCGATTGAATTCCACCATGG,,4,plos_hiv,hiv,1
plos_hiv_00021,NNTNNNNGGNTNCNNNNCACCATNACNNNNNTAGGGNGACACTATAGAATAACATCCACTTTGCCTTTCTCTCCACAGGTGTCCACTCCCAGGTCCAACTGCACCTCGGTTCTATCGATTGAATTCCACC,,4,plos_hiv,hiv,1
plos_hiv_00022,ATAACGTATGTATCATACACATACGATTTAGGTGACACTATAGAATAACATCCACTTTGCCTTTCTCTCCACAGGTGTCCACTCCCAGGTCCAACTGCACCTCGGTTCTATCGATTGAATTCCACCATGG,,4,plos_hiv,hiv,1
plos_hiv_00023,NNNNNNNNNNANNNNGACACTATAGAATAACATCCACTTTGCCTTTCTCTCCACAGGTGTCCACTCCCAGGTCCAACTGCACCTCGGTTCTATCGATTGAATTCCACCATGGGATGGTCATGTATCATCC,,0,plos_hiv,hiv,0
plos_hiv_00024,NNNNNNNNNTNNTACACATAACGATTTAGGTGACACTATAGAATAACATCCACTTTGCCTTTCTCTCCACAGGTGTCCACTCCCAGGTCCAACTGCACCTCGGTTCTATCGATTGAATTCCACCATGGGA,,0,plos_hiv,hiv,0
plos_hiv_00026,AATAACTTATGTATCATACACATACGATTTAGGTGACACTATAGAATAACATCCACTTTGCCTTTCTCTCCACAGGTGTCCACTCCCAGGTCCAACTGCACCTCGGTTCTATCGATTGAATTCCACCATG,,0,plos_hiv,hiv,0
plos_hiv_00027,TNNNNNNNNNNNTGTTTNCTACANCATACGATTTAGGTGACACTATAGAANTAACATCCACTTTGCCTTTCTCTCCACAGGTGTCCACTCCCAGGTCCAACTGCACCTCGGTTCTATCGATTGAATTCCA,,4,plos_hiv,hiv,1
plos_hiv_00028,AAAACCTTATGTATCATACACATACGATTTAGGTGACACTATAGAATAACATCCACTTTGCCTTTCTCTCCACAGGTGTCCACTCCCAGGTCCAACTGCACCTCGGTTCTATCGATTGAATTCCACCATG,,4,plos_hiv,hiv,1
plos_hiv_00029,AATTAACCTTATGTATCATACACATACGATTTAGGTGACACTATAGAATAACATCCACTTTGCCTTTCTCTCCACAGGTGTCCACTCCCAGGTCCAACTGCACCTCGGTTCTATCGATTGAATTCCACCA,,4,plos_hiv,hiv,1
plos_hiv_00030,NNNNNNNNNNNTANNGNNTNNTACACATACGNTTTAGGTGACACTATAGAATAACATCCACTTTGCCTTTCTCTCCACAGGTGTCCACTCCCAGGTCCAACTGCACCTCGGTTCTATCGATTGAATTCCA,,4,plos_hiv,hiv,1
plos_hiv_00031,NNNNNNNNTNAGNNGNCACTATAGANTAACATCCACTTTGCCTTTCTCTCCACAGGTGTCCACTCCCAGGTCCAACTGCACCTCGGTTCTATCGATTGAATTCCACCATGGGATGGTCATGTATCATCCT,,4,plos_hiv,hiv,1
plos_hiv_00032,NNNNNNNNNNCNNNNNNNGNNNTCATACACATACGNNTTAGGTGACACTATAGAATAACATCCACTTTGCCTTTCTCTCCACAGGTGTCCACTCCCAGGTCCAACTGCACCTCGGTTCTATCGATTGAAT,,4,plos_hiv,hiv,1
plos_hiv_00033,NNNNNNNNNNNTNNNNGNNNNATACACNTACGNTTTAGGTGACACTATAGAATAACATCCACTTTGCCTTTCTCTCCACAGGTGTCCACTCCCAGGTCCAACTGCACCTCGGTTCTATCGATTGAATTCC,,4,plos_hiv,hiv,1
plos_hiv_00034,NNNNNNNNNNCTNTNTGNNATCATACACATACGATTTAGGTGACACTATAGAATAACATCCACTTTGCCTTTCTCTCCACAGGTGTCCACTCCCAGGTCCAACTGCACCTCGGTTCTATCGATTGAATTC,,0,plos_hiv,hiv,0
plos_hiv_00035,NNNNNNNANCNNNNNGGTATNATACACATACGATTTAGGTGACACTATAGAATAACATCCACTTTGCCTTTCTCTCCACAGGTGTCCACTCCCAGGTCCAACTGCACCTCGGTTCTATCGATTGAATTCC,,0,plos_hiv,hiv,0
plos_hiv_00036,ANNNNNNNNNNNCTNNNNNNNTNNTACACATACGATTTAGGTGACACTATAGAATAACATCCACTTTGCCTTTCTCTCCACAGGTGTCCACTCCCAGGTCCAACTGCACCTCGGTTCTATCGATTGAATT,,4,plos_hiv,hiv,1
plos_hiv_00037,NNNNNNNNATACACATACGATTTAGGTGACACTATAGAATAACATCCACTTTGCCTTTCTCTCCACAGGTGTCCACTCCCAGGTCCAACTGCACCTCGGTTCTATCGATTGAATTCCACCATGGGATGGT,,0,plos_hiv,hiv,0
plos_hiv_00038,NNNNNNNNNNNNNNNNNNTNATACACATACGATTTAGGTGACACTATAGAATAACATCCACTTTGCCTTTCTCTCCACAGGTGTCCACTCCCAGGTCCAACTGCACCTCGGTTCTATCGATTGAATTCCA,,0,plos_hiv,hiv,0
plos_hiv_00039,NNNNNNTNNTNNNNCATACGATTTAGGTGACACTATAGAATAACATCCACTTTGCCTTTCTCTCCACAGGTGTCCACTCCCAGGTCCAACTGCACCTCGGTTCTATCGATTGAATTCCACCATGGGATGG,,4,plos_hiv,hiv,1
plos_hiv_00040,NNNNNNNNNTTNTNNTNTNNTACACATACGNTTTAGGTGACACTATAGAATAACATCCACTTTGCCTTTCTCTCCACNNNTGTCCACTCCCAGGTCCAACTGCACCTCGGTTCTATCGATTGAATTCCAC,,4,plos_hiv,hiv,1
plos_hiv_00041,NNNNNNNNNNNTGNNNNCATACACATACGATTTAGGTGACACTATAGAATAACATCCACTTTGCCTTTCTCTCCACNGGNGTCCACTCCCAGGTCCAACTGCACCTCGGTTCTATCGATTGAATTCCACC,,4,plos_hiv,hiv,1
plos_hiv_00042,NNNNNNNNNNNNGNNGACACTATAGAATAACATCCACTTTGCCTTTCTCTCCACAGGTGTCCACTCCCAGGTCCAACTGCACCTCGGTTCTATCGATTGAATTCCACCATGGGATGGTCATGTATCATCC,,0,plos_hiv,hiv,0
plos_hiv_00043,ANNNNNNNNNNNTNNTGNNTCNTACACATACGATTTAGGTGACACTATAGAATAACATCCACTTTGCCTTTCTCTCCACAGGTGTCCACTCCCAGGTCCAACTGCACCTCGGTTCTATCGATTGAATTCC,,4,plos_hiv,hiv,1
plos_hiv_00044,NNNNNNNNNNNNNNTTNNGTNNNNNNNNNNTACGATTTAGGTGACACTATAGAATAACATCCACTTTGCCTTTCTCTCCACAGGTGTCCACTCCCAGGTCCAACTGCACCTCGGTTCTATCGATTGAATT,,4,plos_hiv,hiv,1
plos_hiv_00045,NNNNNNNNATNNNNCATACGNTTTAGGTGACACTATAGAATAACATCCACTTTGCCTTTCTCTCCACAGGTGTCCACTCCCAGGTCCAACTGCACCTCGGTTCTATCGATTGAATTCCACCATGGGATGG,,4,plos_hiv,hiv,1
plos_hiv_00046,NNNNNNNNNNTNNNNNNTNNTACNCNTACGATTTAGGTGACACTATAGAATAACATCCACTTTGCCTTTCTCTCCACAGGTGTCCACTCCCAGGTCCAACTGCACCTCGGTTCTATCGATTGAATTCCAC,,4,plos_hiv,hiv,1
plos_hiv_00047,ANNNNNNNNNNNNTTNNNNNNNNNNANNNNTACGGATTTAGGTGACACTATAGAATAACATCCACTTTGCCTTTCTCTCCACAGGTGTCCACTCCCAGGTCCAACTGCACCTCGGTTCTATCGATTGAAT,,4,plos_hiv,hiv,1
plos_hiv_00048,NNNNNNNGNNTCATACACATACGATTTAGGTGACACTATAGAATAACATCCACTTTGCCTTTCTCTCCACAGGTGTCCACTCCCAGGTCCAACTGCACCTCGGTTCTATCGATTGAATTCCACCATGGGA,,4,plos_hiv,hiv,1
plos_hiv_00049,NNNNNNNNNNNNNNNNNNNNTNNCNNTTNNGGTGACACTATAGAATAACATCCACTTTGCCTTTCTCTCCACAGGTGTCCACTCCCAGGTCCAACTGCACCTCGGTTCTATCGATTGAATTCCACCATGG,,4,plos_hiv,hiv,1
plos_hiv_00050,ANNNNNNTNNNNNNNNNNNNTNATACACATACGATTTAGGTGACACTATAGAATAACATCCACTTTGCCTTTCTCTCCACAGGTGTCCACTCCCAGGTCCAACTGCACCTCGGTTCTATCGATTGAATTC,,4,plos_hiv,hiv,1
plos_hiv_00051,ANNNNNNNNNNNNNNGGNNTCATACACANTNCGNTTTAGGTGACACTATAGAATAACATCCACTTTGCCTTTCTCTCCACAGGTGTCCACTCCCAGGTCCAACTGCACCTCGGTTCTATCGATTGAATTC,,4,plos_hiv,hiv,1
