PDB,mhcID,Atoms,tcrRes,tcrNum,mhcRes,mhcNum,Loop,TRAV,TRBV,dist
6DKP,HLA-A*02:01,NO,SER,51,ALA,156,cdr2a,TRAV12-2,TRBV6-4,0.5934843420982361
6ZKY,HLA-E,OO,TYR,37,ALA,148,cdr1a,TRAV21,TRBV6-5,0.5461204648017883
3QFJ,HLA-A*02:01,OO,TYR,50,ALA,156,cdr2a,TRAV12-2,TRBV6-5,0.4545614123344421
3QFJ,HLA-A*02:01,ON,TYR,50,TYR,159,cdr2a,TRAV12-2,TRBV6-5,0.565872073173523
3QFJ,HLA-A*02:01,NO,SER,51,ALA,156,cdr2a,TRAV12-2,TRBV6-5,0.5808171033859253
4G8G,HLA-B*27:05,ON,TYR,54,GLN,153,cdr2a,TRAV14/DV4,TRBV6-5,0.5875464081764221
1MI5,HLA-B*08:01,ON,GLY,29,TYR,159,cdr1a,TRAV26-2,TRBV7-8,0.5218394994735718
1MI5,HLA-B*08:01,OO,THR,30,GLN,153,cdr1a,TRAV26-2,TRBV7-8,0.58061283826828
6AMU,HLA-A*02:01,OO,TYR,50,ALA,156,cdr2a,TRAV12-2,TRBV6-4,0.5412101745605469
4MJI,HLA-B*51:01,ON,ASN,31,ALA,156,cdr1a,TRAV17,TRBV7-3,0.577967643737793
4MJI,HLA-B*51:01,ON,ASN,31,TYR,159,cdr1a,TRAV17,TRBV7-3,0.5799325704574585
4MJI,HLA-B*51:01,NO,ASN,52,ALA,156,cdr2a,TRAV17,TRBV7-3,0.5611993074417114
5EUO,HLA-A*02:01,OO,SER,31,HIS,149,cdr1a,TRAV27,TRBV19,0.552580714225769
5EUO,HLA-A*02:01,OO,SER,31,GLU,152,cdr1a,TRAV27,TRBV19,0.5883986353874207
5EUO,HLA-A*02:01,ON,SER,31,GLN,153,cdr1a,TRAV27,TRBV19,0.5509435534477234
5EUO,HLA-A*02:01,ON,VAL,50,THR,73,cdr2b,TRAV27,TRBV19,0.5953036546707153
6D78,HLA-A*02:01,OO,TYR,50,ALA,156,cdr2a,TRAV12-2,TRBV6-4,0.5673825144767761
3KPR,HLA-B*44:05,ON,GLY,29,ALA,156,cdr1a,TRAV26-2,TRBV7-8,0.5934014320373535
3KPR,HLA-B*44:05,ON,GLY,29,TYR,159,cdr1a,TRAV26-2,TRBV7-8,0.562874972820282
3MV9,HLA-B*35:01,ON,SER,28,LEU,161,cdr1a,TRAV20,TRBV9,0.5591206550598145
3D3V,HLA-A*02:01,OO,TYR,50,ALA,156,cdr2a,TRAV12-2,TRBV6-5,0.4873354434967041
3D3V,HLA-A*02:01,ON,TYR,50,TYR,159,cdr2a,TRAV12-2,TRBV6-5,0.5887353420257568
3D3V,HLA-A*02:01,NO,SER,51,ALA,156,cdr2a,TRAV12-2,TRBV6-5,0.5946148633956909
7RTR,HLA-A*02:01,ON,GLN,37,GLN,153,cdr1a,TRAV12-2,TRBV7-9,0.5492486953735352
7RTR,HLA-A*02:01,OO,TYR,57,GLU,152,cdr2a,TRAV12-2,TRBV7-9,0.4109691381454468
7RTR,HLA-A*02:01,ON,TYR,57,GLN,153,cdr2a,TRAV12-2,TRBV7-9,0.513262152671814
7RTR,HLA-A*02:01,ON,TYR,57,ALA,156,cdr2a,TRAV12-2,TRBV7-9,0.5562728643417358
7RTR,HLA-A*02:01,NO,SER,58,GLU,152,cdr2a,TRAV12-2,TRBV7-9,0.5680577754974365
6AVF,HLA-B*07:02,ON,THR,31,GLU,161,cdr1a,TRAV4,TRBV28,0.5554542541503906
7N1F,HLA-A*02:01,ON,GLN,31,GLN,153,cdr1a,TRAV12-2,TRBV7-9,0.5658547282218933
7N1F,HLA-A*02:01,OO,TYR,51,GLU,152,cdr2a,TRAV12-2,TRBV7-9,0.4463285803794861
7N1F,HLA-A*02:01,ON,TYR,51,GLN,153,cdr2a,TRAV12-2,TRBV7-9,0.5549637675285339
7N1F,HLA-A*02:01,ON,TYR,51,ALA,156,cdr2a,TRAV12-2,TRBV7-9,0.5611848831176758
7N1F,HLA-A*02:01,NO,SER,52,GLU,152,cdr2a,TRAV12-2,TRBV7-9,0.5584611296653748
4PRI,HLA-B*35:05,ON,SER,28,LEU,161,cdr1a,TRAV20,TRBV9,0.5442638993263245
4PRI,HLA-B*35:05,ON,LEU,30,TYR,159,cdr1a,TRAV20,TRBV9,0.5973868370056152
5MEN,HLA-A*02:01,ON,VAL,29,TYR,159,cdr1a,TRAV22,TRBV6-5,0.4979532659053802
5MEN,HLA-A*02:01,ON,VAL,29,THR,161,cdr1a,TRAV22,TRBV6-5,0.5881873369216919
5MEN,HLA-A*02:01,ON,ASN,30,GLN,153,cdr1a,TRAV22,TRBV6-5,0.5355569720268251
5MEN,HLA-A*02:01,NO,PRO,50,GLU,152,cdr2a,TRAV22,TRBV6-5,0.5908561944961548
5MEN,HLA-A*02:01,ON,PRO,50,ALA,156,cdr2a,TRAV22,TRBV6-5,0.5731619000434875
5MEN,HLA-A*02:01,NO,SER,51,GLU,152,cdr2a,TRAV22,TRBV6-5,0.4889289736747742
5MEN,HLA-A*02:01,NN,SER,51,ALA,156,cdr2a,TRAV22,TRBV6-5,0.5673617720603943
5W1W,HLA-E,OO,ASN,37,SER,149,cdr1a,TRAV35,TRBV9,0.5790321826934814
5W1W,HLA-E,OO,TYR,57,ASP,147,cdr2a,TRAV35,TRBV9,0.5098172426223755
5W1W,HLA-E,OO,TYR,57,ALA,148,cdr2a,TRAV35,TRBV9,0.4941045939922333
5W1W,HLA-E,ON,TYR,57,SER,149,cdr2a,TRAV35,TRBV9,0.4821546375751496
5W1W,HLA-E,NO,LYS,58,ASP,147,cdr2a,TRAV35,TRBV9,0.5999159216880798
4JFE,HLA-A*02:01,OO,TYR,51,ALA,156,cdr2a,TRAV12-2,TRBV30,0.567452073097229
2F54,HLA-A*02:01,ON,VAL,48,ALA,67,cdr2b,TRAV21,TRBV6-5,0.4457157850265503
2F54,HLA-A*02:01,NO,GLY,49,LYS,66,cdr2b,TRAV21,TRBV6-5,0.5593158602714539
2F54,HLA-A*02:01,NO,ALA,50,LYS,66,cdr2b,TRAV21,TRBV6-5,0.5957992672920227
5JZI,HLA-A*02:01,ON,VAL,52,VAL,74,cdr2b,TRAV38-2/DV8,TRBV25-1,0.4762695133686066
5JZI,HLA-A*02:01,ON,ASN,53,VAL,74,cdr2b,TRAV38-2/DV8,TRBV25-1,0.5604303479194641
3QDM,HLA-A*02:01,OO,TYR,49,GLN,153,cdr2a,TRAV35,TRBV10-3,0.5468012690544128
3QDM,HLA-A*02:01,OO,TYR,49,ALA,156,cdr2a,TRAV35,TRBV10-3,0.5208893418312073
3QDM,HLA-A*02:01,ON,TYR,49,TYR,159,cdr2a,TRAV35,TRBV10-3,0.5754812955856323
5WKF,HLA-A*11:01,ON,GLN,57,GLN,70,cdr2b,TRAV30,TRBV11-2,0.5688576698303223
5WKF,HLA-A*11:01,ON,GLN,57,THR,73,cdr2b,TRAV30,TRBV11-2,0.5292764902114868
5WKF,HLA-A*11:01,NO,ASN,58,GLN,70,cdr2b,TRAV30,TRBV11-2,0.5592290163040161
5WKF,HLA-A*11:01,NO,ASN,59,GLN,70,cdr2b,TRAV30,TRBV11-2,0.5423393845558167
5WKF,HLA-A*11:01,ON,VAL,61,ALA,67,cdr2b,TRAV30,TRBV11-2,0.5884450674057007
5WKF,HLA-A*11:01,OO,VAL,66,THR,64,cdr2b,TRAV30,TRBV11-2,0.5502044558525085
5WKF,HLA-A*11:01,ON,VAL,66,ARG,63,cdr2b,TRAV30,TRBV11-2,0.5111900568008423
1QRN,HLA-A*02:01,OO,TYR,50,ALA,156,cdr2a,TRAV12-2,TRBV6-5,0.4837601482868194
1QRN,HLA-A*02:01,ON,TYR,50,TYR,159,cdr2a,TRAV12-2,TRBV6-5,0.5635586977005005
1QRN,HLA-A*02:01,NO,SER,51,ALA,156,cdr2a,TRAV12-2,TRBV6-5,0.5846799612045288
3O4L,HLA-A*02:01,NO,ASN,53,ALA,156,cdr2a,TRAV5,TRBV20-1,0.5801362991333008
1BD2,HLA-A*02:01,NO,SER,51,ALA,156,cdr2a,TRAV29/DV5,TRBV6-5,0.5569642186164856
1BD2,HLA-A*02:01,NO,ILE,52,ALA,156,cdr2a,TRAV29/DV5,TRBV6-5,0.4960752129554749
5YXN,HLA-A*02:01,NO,SER,29,GLU,56,cdr1a,TRAV38-2/DV8,TRBV25-1,0.5811490416526794
5YXN,HLA-A*02:01,ON,VAL,53,VAL,74,cdr2b,TRAV38-2/DV8,TRBV25-1,0.5066041946411133
2BNR,HLA-A*02:01,ON,VAL,49,ALA,67,cdr2b,TRAV21,TRBV6-5,0.4544922709465027
2BNR,HLA-A*02:01,ON,VAL,49,GLN,70,cdr2b,TRAV21,TRBV6-5,0.5662519931793213
2BNR,HLA-A*02:01,NO,GLY,50,LYS,66,cdr2b,TRAV21,TRBV6-5,0.5467715263366699
3D39,HLA-A*02:01,OO,TYR,50,ALA,156,cdr2a,TRAV12-2,TRBV6-5,0.4807284474372864
3D39,HLA-A*02:01,NO,SER,51,ALA,156,cdr2a,TRAV12-2,TRBV6-5,0.5783854126930237
3QEQ,HLA-A*02:01,OO,TYR,49,ALA,156,cdr2a,TRAV35,TRBV10-3,0.5724533200263977
3QEQ,HLA-A*02:01,NO,LYS,50,GLU,152,cdr2a,TRAV35,TRBV10-3,0.5864961743354797
6EQB,HLA-A*02:01,OO,TYR,51,ALA,156,cdr2a,TRAV12-2,TRBV30,0.5887150764465332
6MTM,HLA-B*37:01,NO,VAL,52,GLN,70,cdr2b,TRAV30,TRBV19,0.5434929132461548
6MTM,HLA-B*37:01,ON,VAL,52,THR,73,cdr2b,TRAV30,TRBV19,0.5781457424163818
6RPB,HLA-A*02:01,ON,VAL,57,ALA,67,cdr2b,TRAV12-2,TRBV6-5,0.4699302315711975
6RPB,HLA-A*02:01,ON,VAL,57,GLN,70,cdr2b,TRAV12-2,TRBV6-5,0.5926291346549988
6RPB,HLA-A*02:01,NO,GLY,58,LYS,66,cdr2b,TRAV12-2,TRBV6-5,0.5331541895866394
6RPB,HLA-A*02:01,NO,ALA,63,LYS,66,cdr2b,TRAV12-2,TRBV6-5,0.5667113661766052
6UON,HLA-C,OO,TYR,51,GLU,152,cdr2a,TRAV12-2,TRBV10-2,0.5851121544837952
6UON,HLA-C,OO,TYR,51,ALA,156,cdr2a,TRAV12-2,TRBV10-2,0.5261111259460449
6UON,HLA-C,NO,SER,52,GLU,152,cdr2a,TRAV12-2,TRBV10-2,0.5433548092842102
6UON,HLA-C,NN,SER,52,ALA,156,cdr2a,TRAV12-2,TRBV10-2,0.5864225029945374
4PRP,HLA-B*35:01,ON,SER,28,LEU,161,cdr1a,TRAV20,TRBV9,0.5350121259689331
6UZ1,HLA-A*02:01,OO,VAL,52,SER,105,cdr2b,TRAV12-2,TRBV6-5,0.5379171967506409
3KPS,HLA-B*44:05,ON,GLY,29,ALA,156,cdr1a,TRAV26-2,TRBV7-8,0.5768780708312988
3KPS,HLA-B*44:05,ON,GLY,29,TYR,159,cdr1a,TRAV26-2,TRBV7-8,0.5227925181388855
3QDJ,HLA-A*02:01,OO,TYR,50,ALA,156,cdr2a,TRAV12-2,TRBV6-4,0.5312159061431885
4PRH,HLA-B*35:08,ON,SER,28,LEU,161,cdr1a,TRAV20,TRBV9,0.5019649267196655
4PRH,HLA-B*35:08,NO,LEU,30,ALA,156,cdr1a,TRAV20,TRBV9,0.595626175403595
4PRH,HLA-B*35:08,ON,LEU,30,TYR,159,cdr1a,TRAV20,TRBV9,0.5848740935325623
4EUP,HLA-A*02:01,OO,TYR,50,ALA,156,cdr2a,TRAV12-2,TRBV28,0.5174033641815186
4EUP,HLA-A*02:01,ON,TYR,50,TYR,159,cdr2a,TRAV12-2,TRBV28,0.562348484992981
3MV8,HLA-B*35:01,ON,SER,28,LEU,161,cdr1a,TRAV20,TRBV9,0.5492035746574402
3DXA,HLA-B*44:05,NO,GLY,30,ALA,156,cdr1a,TRAV26-1,TRBV7-9,0.5806912779808044
3DXA,HLA-B*44:05,NO,ASN,31,ALA,156,cdr1a,TRAV26-1,TRBV7-9,0.4905228614807129
3DXA,HLA-B*44:05,NN,ASN,31,TYR,159,cdr1a,TRAV26-1,TRBV7-9,0.5319553613662721
6AVG,HLA-B*07:02,ON,THR,32,GLU,161,cdr1a,TRAV4,TRBV9,0.5059950351715088
6TRO,HLA-A*02:01,ON,PHE,36,THR,161,cdr1a,TRAV10,TRBV28,0.4297753870487213
6TRO,HLA-A*02:01,OO,SER,37,ALA,156,cdr1a,TRAV10,TRBV28,0.5677057504653931
6TRO,HLA-A*02:01,NO,PHE,58,ALA,156,cdr2a,TRAV10,TRBV28,0.5229259729385376
6TRO,HLA-A*02:01,NO,SER,59,ALA,156,cdr2a,TRAV10,TRBV28,0.5243756175041199
6TRO,HLA-A*02:01,NN,SER,59,GLY,160,cdr2a,TRAV10,TRBV28,0.5641164183616638
3QDG,HLA-A*02:01,OO,TYR,50,ALA,156,cdr2a,TRAV12-2,TRBV6-4,0.5605759620666504
3QDG,HLA-A*02:01,NO,SER,51,ALA,156,cdr2a,TRAV12-2,TRBV6-4,0.5987684726715088
5W1V,HLA-E,OO,ASN,37,SER,149,cdr1a,TRAV35,TRBV9,0.5695158839225769
5W1V,HLA-E,OO,TYR,57,ASP,147,cdr2a,TRAV35,TRBV9,0.5448473691940308
5W1V,HLA-E,OO,TYR,57,ALA,148,cdr2a,TRAV35,TRBV9,0.5083461403846741
5W1V,HLA-E,ON,TYR,57,SER,149,cdr2a,TRAV35,TRBV9,0.5261281132698059
4JFD,HLA-A*02:01,OO,TYR,51,ALA,156,cdr2a,TRAV12-2,TRBV30,0.5956800580024719
3KXF,HLA-B*35:08,OO,THR,30,ALA,156,cdr1a,TRAV19,TRBV6-1,0.571881890296936
3KXF,HLA-B*35:08,NN,THR,30,GLY,160,cdr1a,TRAV19,TRBV6-1,0.5876768827438354
5HHO,HLA-A*02:01,ON,VAL,54,THR,73,cdr2b,TRAV27,TRBV19,0.5779722332954407
5NME,HLA-A*02:01,OO,TYR,51,GLU,152,cdr2a,TRAV12-2,TRBV5-6,0.4906124472618103
5NME,HLA-A*02:01,ON,TYR,51,ALA,156,cdr2a,TRAV12-2,TRBV5-6,0.5356016755104065
5NME,HLA-A*02:01,NO,SER,52,GLU,152,cdr2a,TRAV12-2,TRBV5-6,0.5560553669929504
1QSF,HLA-A*02:01,OO,TYR,50,ALA,156,cdr2a,TRAV12-2,TRBV6-5,0.4634714126586914
1QSF,HLA-A*02:01,ON,TYR,50,TYR,159,cdr2a,TRAV12-2,TRBV6-5,0.5569621920585632
1QSF,HLA-A*02:01,NO,SER,51,ALA,156,cdr2a,TRAV12-2,TRBV6-5,0.5831703543663025
6Q3S,HLA-A*02:01,ON,VAL,49,ALA,67,cdr2b,TRAV21,TRBV6-5,0.4786162078380585
6Q3S,HLA-A*02:01,NO,GLY,50,LYS,66,cdr2b,TRAV21,TRBV6-5,0.4968047738075256
6Q3S,HLA-A*02:01,NO,ALA,51,LYS,66,cdr2b,TRAV21,TRBV6-5,0.5853686928749084
2F53,HLA-A*02:01,NO,SER,49,LYS,66,cdr2b,TRAV21,TRBV6-5,0.523394763469696
2F53,HLA-A*02:01,NN,SER,49,ALA,67,cdr2b,TRAV21,TRBV6-5,0.5572406649589539
2P5W,HLA-A*02:01,NO,SER,49,LYS,66,cdr2b,TRAV21,TRBV6-5,0.5459765195846558
2P5W,HLA-A*02:01,NN,SER,49,ALA,67,cdr2b,TRAV21,TRBV6-5,0.5741490125656128
3PWP,HLA-A*02:01,OO,TYR,50,ALA,156,cdr2a,TRAV12-2,TRBV6-5,0.4826860129833221
3PWP,HLA-A*02:01,ON,TYR,50,TYR,159,cdr2a,TRAV12-2,TRBV6-5,0.5850951671600342
1AO7,HLA-A*02:01,OO,TYR,50,ALA,156,cdr2a,TRAV12-2,TRBV6-5,0.4749411046504974
1AO7,HLA-A*02:01,ON,TYR,50,TYR,159,cdr2a,TRAV12-2,TRBV6-5,0.54942387342453
6RSY,HLA-A*02:01,ON,ASN,32,TYR,160,cdr1a,TRAV26-1,TRBV7-9,0.5767978429794312
4JRX,HLA-B*35:05,NO,THR,36,ALA,156,cdr1a,TRAV19,TRBV6-1,0.5381129980087279
4JRX,HLA-B*35:05,NN,THR,36,GLY,160,cdr1a,TRAV19,TRBV6-1,0.5615715384483337
3HG1,HLA-A*02:01,OO,TYR,51,ALA,156,cdr2a,TRAV12-2,TRBV30,0.5293585658073425
3HG1,HLA-A*02:01,ON,TYR,51,TYR,159,cdr2a,TRAV12-2,TRBV30,0.5780008435249329
4MNQ,HLA-A*02:01,OO,SER,28,GLN,153,cdr1a,TRAV22,TRBV6-5,0.5863087177276611
4MNQ,HLA-A*02:01,OO,SER,28,ALA,156,cdr1a,TRAV22,TRBV6-5,0.4988810122013092
4MNQ,HLA-A*02:01,ON,SER,28,TYR,159,cdr1a,TRAV22,TRBV6-5,0.561978816986084
4MNQ,HLA-A*02:01,ON,VAL,29,GLN,153,cdr1a,TRAV22,TRBV6-5,0.5327340960502625
4MNQ,HLA-A*02:01,NO,SER,51,GLU,152,cdr2a,TRAV22,TRBV6-5,0.44779035449028015
4MNQ,HLA-A*02:01,NN,SER,51,GLN,153,cdr2a,TRAV22,TRBV6-5,0.5959212779998779
4MNQ,HLA-A*02:01,NN,SER,51,ALA,156,cdr2a,TRAV22,TRBV6-5,0.5449541211128235
5D2N,HLA-A*02:01,ON,GLY,29,GLN,153,cdr1a,TRAV26-2,TRBV7-6,0.5802026391029358
5D2N,HLA-A*02:01,ON,GLY,29,ALA,156,cdr1a,TRAV26-2,TRBV7-6,0.5671295523643494
5D2N,HLA-A*02:01,ON,GLY,29,TYR,159,cdr1a,TRAV26-2,TRBV7-6,0.573542594909668
5D2N,HLA-A*02:01,NO,THR,30,GLN,153,cdr1a,TRAV26-2,TRBV7-6,0.5495724678039551
5D2N,HLA-A*02:01,NO,THR,30,ALA,156,cdr1a,TRAV26-2,TRBV7-6,0.5875637531280518
5D2N,HLA-A*02:01,NN,THR,30,TYR,159,cdr1a,TRAV26-2,TRBV7-6,0.5574211478233337
2GJ6,HLA-A*02:01,OO,TYR,50,ALA,156,cdr2a,TRAV12-2,TRBV6-5,0.4942535758018494
6RPA,HLA-A*02:01,ON,GLN,28,VAL,74,cdr1b,TRAV3,TRBV29-1,0.5957583785057068
6RPA,HLA-A*02:01,NO,THR,37,GLN,70,cdr1b,TRAV3,TRBV29-1,0.5306125879287721
6RPA,HLA-A*02:01,ON,THR,37,THR,73,cdr1b,TRAV3,TRBV29-1,0.5905907154083252
2ESV,HLA-E,ON,GLY,28,THR,161,cdr1a,TRAV26-1,TRBV14,0.593343198299408
2ESV,HLA-E,NO,ASN,29,ALA,156,cdr1a,TRAV26-1,TRBV14,0.569245457649231
6EQA,HLA-A*02:01,ON,TYR,51,ALA,156,cdr2a,TRAV12-2,TRBV30,0.5917127132415771
5E9D,HLA-A*02:01,OO,TYR,50,ALA,156,cdr2a,TRAV12-2,TRBV6-5,0.5221071839332581
5E9D,HLA-A*02:01,NN,SER,51,ALA,156,cdr2a,TRAV12-2,TRBV6-5,0.5822620987892151
3VXU,HLA-A*24:02,ON,ARG,28,THR,161,cdr1a,TRAV12-2,TRBV27,0.4794853925704956
3VXU,HLA-A*24:02,CC,GLY,29,THR,161,cdr1a,TRAV12-2,TRBV27,0.4363375902175903
3VXU,HLA-A*24:02,ON,GLY,29,TYR,159,cdr1a,TRAV12-2,TRBV27,0.5822123885154724
3VXU,HLA-A*24:02,OO,SER,30,ALA,156,cdr1a,TRAV12-2,TRBV27,0.5512096285820007
3VXU,HLA-A*24:02,ON,GLN,31,GLN,153,cdr1a,TRAV12-2,TRBV27,0.5788273215293884
3VXU,HLA-A*24:02,OO,TYR,51,GLU,152,cdr2a,TRAV12-2,TRBV27,0.4262681007385254
3VXU,HLA-A*24:02,ON,TYR,51,GLN,153,cdr2a,TRAV12-2,TRBV27,0.5443542003631592
3VXU,HLA-A*24:02,NO,SER,52,GLU,152,cdr2a,TRAV12-2,TRBV27,0.5283237695693971
3VXM,HLA-A*24:02,OO,GLY,28,THR,161,cdr1a,TRAV8-3,TRBV4-1,0.5696197152137756
3VXM,HLA-A*24:02,OO,SER,52,HIS,149,cdr2a,TRAV8-3,TRBV4-1,0.4567589461803436
3VXM,HLA-A*24:02,ON,SER,52,GLN,153,cdr2a,TRAV8-3,TRBV4-1,0.5933650732040405
3VXM,HLA-A*24:02,NO,GLY,53,HIS,149,cdr2a,TRAV8-3,TRBV4-1,0.5541321635246277
4L3E,HLA-A*02:01,OO,TYR,50,ALA,156,cdr2a,TRAV12-2,TRBV6-4,0.597095251083374
4FTV,HLA-A*02:01,OO,TYR,50,ALA,156,cdr2a,TRAV12-2,TRBV6-5,0.4499685168266296
4FTV,HLA-A*02:01,ON,TYR,50,TYR,159,cdr2a,TRAV12-2,TRBV6-5,0.5549030900001526
4FTV,HLA-A*02:01,NO,SER,51,ALA,156,cdr2a,TRAV12-2,TRBV6-5,0.5684114694595337
7N6E,HLA-A*02:01,OO,SER,28,ALA,156,cdr1a,TRAV12-1,TRBV19,0.5627741813659668
7N6E,HLA-A*02:01,ON,SER,28,THR,161,cdr1a,TRAV12-1,TRBV19,0.5665863752365112
7N6E,HLA-A*02:01,OO,SER,36,ALA,156,cdr1a,TRAV12-1,TRBV19,0.5454036593437195
7N6E,HLA-A*02:01,ON,GLN,37,GLN,153,cdr1a,TRAV12-1,TRBV19,0.5113789439201355
6ULN,HLA-C,OO,THR,32,THR,161,cdr1a,TRAV4,TRBV5-6,0.5781500339508057
2PYE,HLA-A*02:01,ON,VAL,48,ALA,67,cdr2b,TRAV21,TRBV6-5,0.4586420357227325
2PYE,HLA-A*02:01,ON,VAL,48,GLN,70,cdr2b,TRAV21,TRBV6-5,0.5676857829093933
2PYE,HLA-A*02:01,NO,GLY,49,LYS,66,cdr2b,TRAV21,TRBV6-5,0.5473012328147888
3VXS,HLA-A*24:02,NO,SER,53,GLU,152,cdr2a,TRAV21,TRBV7-9,0.5945658087730408
3VXS,HLA-A*24:02,ON,LEU,55,GLY,63,cdr2b,TRAV21,TRBV7-9,0.5719570517539978
2VLR,HLA-A*02:01,NO,SER,31,GLU,152,cdr1a,TRAV27,TRBV19,0.5815197825431824
2VLR,HLA-A*02:01,ON,SER,31,GLN,153,cdr1a,TRAV27,TRBV19,0.5930684804916382
2VLJ,HLA-A*02:01,OO,SER,31,GLU,152,cdr1a,TRAV27,TRBV19,0.5658621191978455
2VLJ,HLA-A*02:01,ON,SER,31,GLN,153,cdr1a,TRAV27,TRBV19,0.5359624624252319
2VLJ,HLA-A*02:01,OO,SER,31,HIS,149,cdr1a,TRAV27,TRBV19,0.5458681583404541
3H9S,HLA-A*02:01,OO,TYR,50,ALA,156,cdr2a,TRAV12-2,TRBV6-5,0.5115053653717041
1QSE,HLA-A*02:01,OO,TYR,50,ALA,156,cdr2a,TRAV12-2,TRBV6-5,0.4571119248867035
1QSE,HLA-A*02:01,ON,TYR,50,TYR,159,cdr2a,TRAV12-2,TRBV6-5,0.5166577696800232
6VMX,HLA-B*07:02,OO,THR,57,GLU,152,cdr2a,TRAV24,TRBV4-1,0.5538083910942078
6VMX,HLA-B*07:02,OO,THR,57,ALA,156,cdr2a,TRAV24,TRBV4-1,0.5370123386383057
6VMX,HLA-B*07:02,NO,LEU,58,GLU,152,cdr2a,TRAV24,TRBV4-1,0.5050471425056458
6AM5,HLA-A*02:01,OO,TYR,50,ALA,156,cdr2a,TRAV12-2,TRBV6-4,0.5229428410530089
5NMF,HLA-A*02:01,OO,TYR,51,GLU,152,cdr2a,TRAV12-2,TRBV5-6,0.5306950807571411
5NMF,HLA-A*02:01,ON,TYR,51,ALA,156,cdr2a,TRAV12-2,TRBV5-6,0.5470516681671143
5E6I,HLA-A*02:01,NO,ASN,30,GLU,152,cdr1a,TRAV35,TRBV27,0.5706862211227417
4QOK,HLA-A*02:01,OO,TYR,51,ALA,156,cdr2a,TRAV12-2,TRBV30,0.5606892108917236
4JRY,HLA-B*35:05,ON,LEU,57,LEU,161,cdr2a,TRAV39,TRBV5-6,0.551423192024231
4JRY,HLA-B*35:05,NN,SER,58,LEU,161,cdr2a,TRAV39,TRBV5-6,0.57834392786026
4JRY,HLA-B*35:05,ON,ARG,66,PRO,55,cdr2b,TRAV39,TRBV5-6,0.5698827505111694
5HYJ,HLA-A*02:01,ON,ILE,55,ARG,63,cdr2b,TRAV12-3,TRBV12-4,0.571164071559906
3SJV,HLA-B*08:01,OO,TYR,57,GLU,152,cdr2a,TRAV12-1,TRBV6-2,0.4464435875415802
3SJV,HLA-B*08:01,OO,TYR,57,GLN,153,cdr2a,TRAV12-1,TRBV6-2,0.5248323678970337
3SJV,HLA-B*08:01,ON,TYR,57,ALA,156,cdr2a,TRAV12-1,TRBV6-2,0.5563332438468933
3SJV,HLA-B*08:01,NO,SER,58,GLU,152,cdr2a,TRAV12-1,TRBV6-2,0.456123024225235
3SJV,HLA-B*08:01,NN,SER,58,GLN,153,cdr2a,TRAV12-1,TRBV6-2,0.5819121599197388
3MV7,HLA-B*35:01,ON,SER,28,LEU,161,cdr1a,TRAV20,TRBV9,0.5309238433837891
6ZKZ,HLA-E,OO,TYR,37,ALA,148,cdr1a,TRAV21,TRBV6-5,0.5386745929718018
1OGA,HLA-A*02:01,NO,SER,31,GLU,152,cdr1a,TRAV27,TRBV19,0.5931583046913147
1OGA,HLA-A*02:01,OO,SER,31,HIS,149,cdr1a,TRAV27,TRBV19,0.5641252994537354
1OGA,HLA-A*02:01,ON,SER,31,GLN,153,cdr1a,TRAV27,TRBV19,0.5746716856956482
1OGA,HLA-A*02:01,ON,VAL,54,THR,73,cdr2b,TRAV27,TRBV19,0.587580680847168
6BJ2,HLA-B*35:01,NN,THR,29,LEU,161,cdr1a,TRAV19,TRBV5-4,0.5968488454818726
6BJ2,HLA-B*35:01,NO,THR,30,ALA,156,cdr1a,TRAV19,TRBV5-4,0.5555023550987244
6BJ2,HLA-B*35:01,NO,THR,30,GLY,160,cdr1a,TRAV19,TRBV5-4,0.5821195244789124
6BJ2,HLA-B*35:01,NN,THR,30,LEU,161,cdr1a,TRAV19,TRBV5-4,0.4887431561946869
6BJ2,HLA-B*35:01,NO,TYR,31,ALA,156,cdr1a,TRAV19,TRBV5-4,0.5948821306228638
6UK2,HLA-A*02:06,OO,TYR,55,ALA,156,cdr2a,TRAV38-2/DV8,TRBV12-3,0.5116258263587952
6R2L,HLA-A*02:01,ON,SER,29,THR,161,cdr1a,TRAV22,TRBV11-2,0.565926730632782
6R2L,HLA-A*02:01,NO,VAL,30,ALA,156,cdr1a,TRAV22,TRBV11-2,0.5795274972915649
6R2L,HLA-A*02:01,NN,VAL,30,THR,161,cdr1a,TRAV22,TRBV11-2,0.5647679567337036
6R2L,HLA-A*02:01,ON,VAL,30,TYR,159,cdr1a,TRAV22,TRBV11-2,0.4953960478305817
6R2L,HLA-A*02:01,ON,ASN,31,ALA,156,cdr1a,TRAV22,TRBV11-2,0.5857749581336975
6R2L,HLA-A*02:01,ON,ASN,31,TYR,159,cdr1a,TRAV22,TRBV11-2,0.5849318504333496
6R2L,HLA-A*02:01,ON,ASN,31,GLN,153,cdr1a,TRAV22,TRBV11-2,0.5030381679534912
6R2L,HLA-A*02:01,NO,PRO,51,GLU,152,cdr2a,TRAV22,TRBV11-2,0.5239253640174866
6R2L,HLA-A*02:01,ON,PRO,51,ALA,156,cdr2a,TRAV22,TRBV11-2,0.5183489322662354
6R2L,HLA-A*02:01,NO,SER,52,GLU,152,cdr2a,TRAV22,TRBV11-2,0.4368434548377991
6ZKW,HLA-E,OO,TYR,37,ALA,148,cdr1a,TRAV21,TRBV6-5,0.5401060581207275
3VXR,HLA-A*24:02,NO,SER,53,GLU,152,cdr2a,TRAV21,TRBV7-9,0.5878732204437256
3VXR,HLA-A*24:02,ON,LEU,55,GLY,63,cdr2b,TRAV21,TRBV7-9,0.5612313151359558
5EU6,HLA-A*02:01,ON,GLN,51,THR,73,cdr2b,TRAV21,TRBV7-3,0.5877577662467957
5EU6,HLA-A*02:01,ON,GLN,51,VAL,74,cdr2b,TRAV21,TRBV7-3,0.5784829258918762
5EU6,HLA-A*02:01,ON,ALA,55,GLN,70,cdr2b,TRAV21,TRBV7-3,0.5990096926689148
5EU6,HLA-A*02:01,ON,ALA,56,LYS,66,cdr2b,TRAV21,TRBV7-3,0.5829590559005737
5EU6,HLA-A*02:01,ON,ALA,56,ALA,67,cdr2b,TRAV21,TRBV7-3,0.3637609779834747
5EU6,HLA-A*02:01,ON,ALA,56,HIS,70,cdr2b,TRAV21,TRBV7-3,0.5976388454437256
4G9F,HLA-B*27:05,OO,TYR,59,GLN,153,cdr2a,TRAV14/DV4,TRBV6-5,0.58388352394104
2NX5,HLA-B*35:01,ON,PHE,29,LEU,161,cdr1a,TRAV1-2,TRBV10-3,0.5089718699455261
5NQK,HLA-A*02:01,OO,TYR,51,ALA,156,cdr2a,TRAV12-2,TRBV19,0.5569233298301697
5NHT,HLA-A*02:01,OO,TYR,51,ALA,156,cdr2a,TRAV12-2,TRBV19,0.4658977091312408
5NHT,HLA-A*02:01,ON,TYR,51,TYR,159,cdr2a,TRAV12-2,TRBV19,0.5736340284347534
5NHT,HLA-A*02:01,NO,SER,52,ALA,156,cdr2a,TRAV12-2,TRBV19,0.5561280250549316
2AK4,HLA-B*35:05,OO,THR,28,GLU,161,cdr1a,TRAV19,TRBV6-1,0.5380597710609436
2AK4,HLA-B*35:05,ON,THR,28,GLY,160,cdr1a,TRAV19,TRBV6-1,0.5873795747756958
2AK4,HLA-B*35:05,NO,THR,29,ALA,156,cdr1a,TRAV19,TRBV6-1,0.5568931698799133
2AK4,HLA-B*35:05,NO,THR,29,GLU,161,cdr1a,TRAV19,TRBV6-1,0.575914740562439
2AK4,HLA-B*35:05,NN,THR,29,GLY,160,cdr1a,TRAV19,TRBV6-1,0.5417507886886597
2VLK,HLA-A*02:01,OO,SER,31,HIS,149,cdr1a,TRAV27,TRBV19,0.5819944739341736
2VLK,HLA-A*02:01,ON,SER,31,GLN,153,cdr1a,TRAV27,TRBV19,0.5672774314880371
2BNQ,HLA-A*02:01,ON,VAL,49,ALA,67,cdr2b,TRAV21,TRBV6-5,0.4525928795337677
2BNQ,HLA-A*02:01,ON,VAL,49,GLN,70,cdr2b,TRAV21,TRBV6-5,0.5702312588691711
2BNQ,HLA-A*02:01,NO,GLY,50,LYS,66,cdr2b,TRAV21,TRBV6-5,0.5486281514167786
5WKH,HLA-A*11:01,ON,GLN,57,GLN,70,cdr2b,TRAV30,TRBV11-2,0.5729582905769348
5WKH,HLA-A*11:01,ON,GLN,57,THR,73,cdr2b,TRAV30,TRBV11-2,0.5436651110649109
5WKH,HLA-A*11:01,NO,ASN,58,GLN,70,cdr2b,TRAV30,TRBV11-2,0.552456796169281
5WKH,HLA-A*11:01,NO,ASN,59,GLN,70,cdr2b,TRAV30,TRBV11-2,0.5355571508407593
5WKH,HLA-A*11:01,NO,VAL,66,LYS,66,cdr2b,TRAV30,TRBV11-2,0.5803849697113037
5WKH,HLA-A*11:01,OO,VAL,66,THR,64,cdr2b,TRAV30,TRBV11-2,0.5267446637153625
5WKH,HLA-A*11:01,ON,VAL,66,ARG,63,cdr2b,TRAV30,TRBV11-2,0.516677737236023
5ISZ,HLA-A*02:01,OO,TYR,31,GLU,152,cdr1a,TRAV24,TRBV19,0.5276283025741577
5ISZ,HLA-A*02:01,ON,TYR,31,GLN,153,cdr1a,TRAV24,TRBV19,0.5976806282997131
5HHM,HLA-A*02:01,ON,VAL,54,THR,73,cdr2b,TRAV27,TRBV19,0.596160888671875
5NMG,HLA-A*02:01,ON,ARG,28,THR,161,cdr1a,TRAV12-2,TRBV5-6,0.5979248881340027
5NMG,HLA-A*02:01,OO,TYR,51,GLU,152,cdr2a,TRAV12-2,TRBV5-6,0.4436785578727722
5NMG,HLA-A*02:01,ON,TYR,51,GLN,153,cdr2a,TRAV12-2,TRBV5-6,0.5818963050842285
5NMG,HLA-A*02:01,ON,TYR,51,ALA,156,cdr2a,TRAV12-2,TRBV5-6,0.5528426766395569
5NMG,HLA-A*02:01,NO,SER,52,GLU,152,cdr2a,TRAV12-2,TRBV5-6,0.5902803540229797
6UK4,HLA-A*02:06,OO,TYR,55,ALA,156,cdr2a,TRAV38-2/DV8,TRBV12-3,0.5321931838989258
5YXU,HLA-A*02:01,ON,VAL,53,VAL,74,cdr2b,TRAV38-2/DV8,TRBV25-1,0.5501487255096436
6TMO,HLA-A*02:01,OO,TYR,51,ALA,156,cdr2a,TRAV12-2,TRBV30,0.587601900100708
