id,source,split,y_true,y_score,y_pred
gut_hiv_00000,boughter,train_cv_oof,0,0.3996222967008717,0
gut_hiv_00001,boughter,train_cv_oof,0,0.3914579069246544,0
gut_hiv_00002,boughter,train_cv_oof,1,0.2471537755903081,0
gut_hiv_00004,boughter,train_cv_oof,0,0.3048894696261127,0
gut_hiv_00005,boughter,train_cv_oof,0,0.40148898419007545,0
gut_hiv_00007,boughter,train_cv_oof,1,0.8026116427432216,1
gut_hiv_00008,boughter,train_cv_oof,0,0.248996856593861,0
gut_hiv_00010,boughter,train_cv_oof,0,0.3941832019486853,0
gut_hiv_00012,boughter,train_cv_oof,1,0.4600166493778587,0
gut_hiv_00014,boughter,train_cv_oof,1,0.1577519886673205,0
gut_hiv_00017,boughter,train_cv_oof,0,0.3997921482078186,0
gut_hiv_00018,boughter,train_cv_oof,0,0.25255130861604613,0
gut_hiv_00019,boughter,train_cv_oof,0,0.47294915182811287,0
gut_hiv_00021,boughter,train_cv_oof,0,0.3436815973912748,0
gut_hiv_00023,boughter,train_cv_oof,0,0.4901270810254476,0
gut_hiv_00024,boughter,train_cv_oof,0,0.46792117604617606,0
gut_hiv_00025,boughter,train_cv_oof,0,0.40244153667861626,0
gut_hiv_00026,boughter,train_cv_oof,0,0.4669371542062703,0
gut_hiv_00027,boughter,train_cv_oof,0,0.506589723302575,1
gut_hiv_00028,boughter,train_cv_oof,0,0.3659409465864552,0
gut_hiv_00029,boughter,train_cv_oof,0,0.40594350215317954,0
gut_hiv_00030,boughter,train_cv_oof,1,0.365036526966786,0
gut_hiv_00034,boughter,train_cv_oof,0,0.4846145435242241,0
gut_hiv_00035,boughter,train_cv_oof,1,0.5993939453244421,1
gut_hiv_00036,boughter,train_cv_oof,0,0.24293356956663406,0
gut_hiv_00037,boughter,train_cv_oof,0,0.27916385893980233,0
gut_hiv_00038,boughter,train_cv_oof,0,0.4405336454343406,0
gut_hiv_00039,boughter,train_cv_oof,0,0.4854224401621181,0
gut_hiv_00040,boughter,train_cv_oof,0,0.9123737373737374,1
gut_hiv_00041,boughter,train_cv_oof,0,0.596574651904439,1
gut_hiv_00042,boughter,train_cv_oof,0,0.49735357630516897,0
gut_hiv_00043,boughter,train_cv_oof,0,0.3212070774311439,0
gut_hiv_00044,boughter,train_cv_oof,1,0.3498181404139685,0
gut_hiv_00045,boughter,train_cv_oof,0,0.4489588528554334,0
gut_hiv_00046,boughter,train_cv_oof,0,0.6577808560882434,1
gut_hiv_00047,boughter,train_cv_oof,0,0.3541832197790479,0
gut_hiv_00048,boughter,train_cv_oof,0,0.4972833601525717,0
gut_hiv_00050,boughter,train_cv_oof,1,0.40244153667861626,0
gut_hiv_00051,boughter,train_cv_oof,0,0.7228183804922935,1
gut_hiv_00053,boughter,train_cv_oof,0,0.9099128054163209,1
gut_hiv_00054,boughter,train_cv_oof,0,0.42474056063340526,0
gut_hiv_00056,boughter,train_cv_oof,1,0.4973065948339547,0
gut_hiv_00057,boughter,train_cv_oof,0,0.14722567287784677,0
gut_hiv_00058,boughter,train_cv_oof,1,0.14761116655700243,0
gut_hiv_00059,boughter,train_cv_oof,1,0.22003552853651215,0
gut_hiv_00063,boughter,train_cv_oof,1,0.42889172010820475,0
gut_hiv_00065,boughter,train_cv_oof,1,0.5408802363280313,1
gut_hiv_00066,boughter,train_cv_oof,0,0.4647997660322666,0
gut_hiv_00067,boughter,train_cv_oof,1,0.6159242596510418,1
gut_hiv_00068,boughter,train_cv_oof,0,0.48246143603641684,0
gut_hiv_00069,boughter,train_cv_oof,0,0.2759094455813078,0
gut_hiv_00070,boughter,train_cv_oof,0,0.37763430403963,0
gut_hiv_00071,boughter,train_cv_oof,0,0.5906178665457473,1
gut_hiv_00072,boughter,train_cv_oof,0,0.2621876485533726,0
gut_hiv_00073,boughter,train_cv_oof,0,0.14044211350916833,0
mouse_iga_00000,boughter,train_cv_oof,0,0.7735751604717123,1
mouse_iga_00001,boughter,train_cv_oof,0,0.44035069072402233,0
mouse_iga_00002,boughter,train_cv_oof,0,0.5769505814695074,1
mouse_iga_00003,boughter,train_cv_oof,0,0.4390603852700627,0
mouse_iga_00004,boughter,train_cv_oof,0,0.44672795115028396,0
mouse_iga_00005,boughter,train_cv_oof,0,0.3642958649318643,0
mouse_iga_00006,boughter,train_cv_oof,0,0.3537665352820186,0
mouse_iga_00007,boughter,train_cv_oof,1,0.43834954958205,0
mouse_iga_00008,boughter,train_cv_oof,0,0.3565342912182374,0
mouse_iga_00009,boughter,train_cv_oof,1,0.7022893922267139,1
mouse_iga_00010,boughter,train_cv_oof,0,0.16836406281298028,0
mouse_iga_00011,boughter,train_cv_oof,0,0.531999725420778,1
mouse_iga_00012,boughter,train_cv_oof,0,0.38438142058886743,0
mouse_iga_00013,boughter,train_cv_oof,0,0.26859874781749454,0
mouse_iga_00014,boughter,train_cv_oof,0,0.33779480123133376,0
mouse_iga_00015,boughter,train_cv_oof,0,0.5223366327106179,1
mouse_iga_00016,boughter,train_cv_oof,0,0.4390603852700627,0
mouse_iga_00017,boughter,train_cv_oof,1,0.8556547619047621,1
mouse_iga_00018,boughter,train_cv_oof,0,0.19700909780180428,0
mouse_iga_00019,boughter,train_cv_oof,0,0.32258607730063893,0
mouse_iga_00020,boughter,train_cv_oof,1,0.3539962318732071,0
mouse_iga_00021,boughter,train_cv_oof,0,0.8378608747574265,1
mouse_iga_00022,boughter,train_cv_oof,0,0.23410046104387985,0
mouse_iga_00023,boughter,train_cv_oof,1,0.5493816354546845,1
mouse_iga_00024,boughter,train_cv_oof,1,0.3615624974251307,0
mouse_iga_00025,boughter,train_cv_oof,0,0.49865365506806586,0
mouse_iga_00026,boughter,train_cv_oof,0,0.5446563607294097,1
mouse_iga_00027,boughter,train_cv_oof,0,0.6210677185049536,1
mouse_iga_00028,boughter,train_cv_oof,0,0.4443723860734024,0
mouse_iga_00029,boughter,train_cv_oof,0,0.25336058318536814,0
mouse_iga_00030,boughter,train_cv_oof,0,0.3089451245409527,0
mouse_iga_00031,boughter,train_cv_oof,1,0.8357740838914255,1
mouse_iga_00032,boughter,train_cv_oof,1,0.4127270519367293,0
mouse_iga_00033,boughter,train_cv_oof,0,0.538988788988789,1
mouse_iga_00034,boughter,train_cv_oof,0,0.674935693935694,1
mouse_iga_00035,boughter,train_cv_oof,0,0.2721925459235507,0
mouse_iga_00036,boughter,train_cv_oof,1,0.2989953545216033,0
mouse_iga_00037,boughter,train_cv_oof,0,0.3073401719554694,0
mouse_iga_00039,boughter,train_cv_oof,0,0.43899447714611234,0
mouse_iga_00041,boughter,train_cv_oof,1,0.48786697876767393,0
mouse_iga_00042,boughter,train_cv_oof,0,0.38639708778238957,0
mouse_iga_00043,boughter,train_cv_oof,0,0.28535389002575223,0
mouse_iga_00044,boughter,train_cv_oof,0,0.5441435402165892,1
mouse_iga_00045,boughter,train_cv_oof,1,0.485562814958931,0
mouse_iga_00046,boughter,train_cv_oof,1,0.2757271504732522,0
mouse_iga_00047,boughter,train_cv_oof,0,0.5867260571738521,1
mouse_iga_00048,boughter,train_cv_oof,0,0.2471537755903081,0
mouse_iga_00049,boughter,train_cv_oof,0,0.4819175281272055,0
mouse_iga_00050,boughter,train_cv_oof,1,0.5312198680890796,1
mouse_iga_00051,boughter,train_cv_oof,0,0.6729817507388145,1
mouse_iga_00052,boughter,train_cv_oof,1,0.47335268640426087,0
mouse_iga_00053,boughter,train_cv_oof,0,0.49043431548179306,0
mouse_iga_00054,boughter,train_cv_oof,0,0.2707137519595685,0
mouse_iga_00055,boughter,train_cv_oof,1,0.3152141663375586,0
mouse_iga_00056,boughter,train_cv_oof,1,0.4802225020158435,0
mouse_iga_00057,boughter,train_cv_oof,0,0.16589442815249264,0
mouse_iga_00058,boughter,train_cv_oof,0,0.4018849223697579,0
mouse_iga_00059,boughter,train_cv_oof,1,0.2409802686656907,0
mouse_iga_00060,boughter,train_cv_oof,0,0.35333457518493483,0
mouse_iga_00061,boughter,train_cv_oof,0,0.3941832019486853,0
mouse_iga_00062,boughter,train_cv_oof,0,0.3617970554635521,0
mouse_iga_00063,boughter,train_cv_oof,1,0.567742263190058,1
mouse_iga_00064,boughter,train_cv_oof,0,0.46702773979247303,0
mouse_iga_00065,boughter,train_cv_oof,0,0.23830857839478528,0
mouse_iga_00066,boughter,train_cv_oof,0,0.34530563300995265,0
mouse_iga_00067,boughter,train_cv_oof,1,0.16940700203278825,0
mouse_iga_00068,boughter,train_cv_oof,0,0.5585593909014961,1
mouse_iga_00070,boughter,train_cv_oof,1,0.6086189235346647,1
mouse_iga_00071,boughter,train_cv_oof,0,0.43034614499067336,0
mouse_iga_00072,boughter,train_cv_oof,1,0.41416731585795974,0
mouse_iga_00073,boughter,train_cv_oof,0,0.468773091480581,0
mouse_iga_00074,boughter,train_cv_oof,0,0.449739673324579,0
mouse_iga_00075,boughter,train_cv_oof,1,0.4727952528544976,0
mouse_iga_00076,boughter,train_cv_oof,0,0.43834954958205,0
mouse_iga_00077,boughter,train_cv_oof,1,0.5790415364213318,1
mouse_iga_00078,boughter,train_cv_oof,0,0.4922212142752801,0
mouse_iga_00079,boughter,train_cv_oof,0,0.2047046822908892,0
mouse_iga_00080,boughter,train_cv_oof,1,0.4819404708920635,0
mouse_iga_00081,boughter,train_cv_oof,0,0.5650959211689701,1
mouse_iga_00082,boughter,train_cv_oof,0,0.5576589556357537,1
mouse_iga_00083,boughter,train_cv_oof,0,0.36399363164069043,0
mouse_iga_00084,boughter,train_cv_oof,0,0.3131983736177826,0
mouse_iga_00085,boughter,train_cv_oof,1,0.584748151644247,1
mouse_iga_00086,boughter,train_cv_oof,0,0.3230637544490563,0
mouse_iga_00087,boughter,train_cv_oof,0,0.2853460645245245,0
mouse_iga_00088,boughter,train_cv_oof,0,0.30154158242891255,0
mouse_iga_00089,boughter,train_cv_oof,0,0.5103785972666096,1
mouse_iga_00090,boughter,train_cv_oof,1,0.5688106392584341,1
mouse_iga_00092,boughter,train_cv_oof,1,0.42565453410329523,0
mouse_iga_00093,boughter,train_cv_oof,1,0.479934821725266,0
mouse_iga_00094,boughter,train_cv_oof,1,0.2704871089236415,0
mouse_iga_00095,boughter,train_cv_oof,0,0.3758292506931483,0
mouse_iga_00096,boughter,train_cv_oof,1,0.1543509669160335,0
mouse_iga_00097,boughter,train_cv_oof,1,0.5350959211689702,1
mouse_iga_00098,boughter,train_cv_oof,0,0.266862271638215,0
mouse_iga_00100,boughter,train_cv_oof,0,0.4367623729698198,0
mouse_iga_00101,boughter,train_cv_oof,0,0.420889357096804,0
mouse_iga_00102,boughter,train_cv_oof,0,0.3881163133483681,0
mouse_iga_00103,boughter,train_cv_oof,0,0.28758704669232593,0
mouse_iga_00104,boughter,train_cv_oof,0,0.3899570646289269,0
mouse_iga_00105,boughter,train_cv_oof,1,0.4827699150815564,0
mouse_iga_00106,boughter,train_cv_oof,0,0.33310811815039687,0
mouse_iga_00107,boughter,train_cv_oof,0,0.6778230589649354,1
mouse_iga_00108,boughter,train_cv_oof,1,0.41951424897959627,0
mouse_iga_00109,boughter,train_cv_oof,0,0.5459786806646537,1
mouse_iga_00110,boughter,train_cv_oof,0,0.41598670657766335,0
mouse_iga_00111,boughter,train_cv_oof,0,0.4695616707941713,0
mouse_iga_00112,boughter,train_cv_oof,0,0.6239535719692137,1
mouse_iga_00113,boughter,train_cv_oof,0,0.3234355053862477,0
mouse_iga_00114,boughter,train_cv_oof,1,0.484831799325901,0
mouse_iga_00115,boughter,train_cv_oof,1,0.4324483394498069,0
mouse_iga_00116,boughter,train_cv_oof,0,0.269377845587523,0
mouse_iga_00117,boughter,train_cv_oof,0,0.4378960332192598,0
mouse_iga_00118,boughter,train_cv_oof,1,0.5277814950712203,1
mouse_iga_00119,boughter,train_cv_oof,0,0.28471941449535787,0
mouse_iga_00120,boughter,train_cv_oof,0,0.4720616707941713,0
mouse_iga_00121,boughter,train_cv_oof,0,0.3396661040141836,0
mouse_iga_00122,boughter,train_cv_oof,1,0.5828799033276982,1
mouse_iga_00124,boughter,train_cv_oof,1,0.46376486963122565,0
mouse_iga_00125,boughter,train_cv_oof,0,0.5446563607294097,1
mouse_iga_00126,boughter,train_cv_oof,0,0.30090944558130783,0
mouse_iga_00127,boughter,train_cv_oof,0,0.3676163331624902,0
mouse_iga_00128,boughter,train_cv_oof,1,0.5332144546709798,1
mouse_iga_00129,boughter,train_cv_oof,0,0.9123737373737374,1
mouse_iga_00130,boughter,train_cv_oof,1,0.567742263190058,1
mouse_iga_00131,boughter,train_cv_oof,0,0.40244153667861626,0
mouse_iga_00132,boughter,train_cv_oof,0,0.6880872382578515,1
mouse_iga_00133,boughter,train_cv_oof,0,0.5633409470093939,1
mouse_iga_00134,boughter,train_cv_oof,0,0.15998817520499936,0
mouse_iga_00135,boughter,train_cv_oof,0,0.8361936739295924,1
mouse_iga_00136,boughter,train_cv_oof,0,0.5260035972666096,1
mouse_iga_00137,boughter,train_cv_oof,0,0.4544703243616287,0
mouse_iga_00138,boughter,train_cv_oof,0,0.509781354901801,1
mouse_iga_00139,boughter,train_cv_oof,1,0.5573935537569819,1
mouse_iga_00140,boughter,train_cv_oof,0,0.3438794704437,0
mouse_iga_00141,boughter,train_cv_oof,0,0.35145772146854015,0
mouse_iga_00142,boughter,train_cv_oof,1,0.6251144796036436,1
mouse_iga_00143,boughter,train_cv_oof,0,0.30355389453034476,0
mouse_iga_00144,boughter,train_cv_oof,1,0.4795843086566565,0
mouse_iga_00145,boughter,train_cv_oof,0,0.35449658810959556,0
mouse_iga_00146,boughter,train_cv_oof,1,0.4864748333311074,0
mouse_iga_00147,boughter,train_cv_oof,0,0.45610438083605515,0
mouse_iga_00148,boughter,train_cv_oof,0,0.3070252537032883,0
mouse_iga_00149,boughter,train_cv_oof,0,0.4694404708920635,0
mouse_iga_00150,boughter,train_cv_oof,0,0.533896383495484,1
mouse_iga_00151,boughter,train_cv_oof,1,0.4142437781644942,0
mouse_iga_00152,boughter,train_cv_oof,0,0.4365090397375666,0
mouse_iga_00153,boughter,train_cv_oof,0,0.27291555285861,0
mouse_iga_00154,boughter,train_cv_oof,0,0.1577519886673205,0
mouse_iga_00155,boughter,train_cv_oof,1,0.595298441714043,1
mouse_iga_00156,boughter,train_cv_oof,0,0.4819175281272055,0
mouse_iga_00157,boughter,train_cv_oof,1,0.48433851593147337,0
mouse_iga_00158,boughter,train_cv_oof,1,0.7822504682079151,1
mouse_iga_00159,boughter,train_cv_oof,0,0.6071243215330562,1
mouse_iga_00160,boughter,train_cv_oof,0,0.6501146300299372,1
mouse_iga_00161,boughter,train_cv_oof,1,0.4867226600629677,0
mouse_iga_00162,boughter,train_cv_oof,1,0.5049322765585207,1
mouse_iga_00163,boughter,train_cv_oof,0,0.40713015954008114,0
mouse_iga_00164,boughter,train_cv_oof,0,0.4367205914933299,0
mouse_iga_00165,boughter,train_cv_oof,0,0.36543102948628137,0
mouse_iga_00166,boughter,train_cv_oof,1,0.43430886250896517,0
mouse_iga_00167,boughter,train_cv_oof,1,0.5439929177301116,1
mouse_iga_00168,boughter,train_cv_oof,1,0.4958724328772445,0
mouse_iga_00169,boughter,train_cv_oof,0,0.2619482444922789,0
mouse_iga_00170,boughter,train_cv_oof,1,0.42062433489028184,0
mouse_iga_00171,boughter,train_cv_oof,1,0.6665090858525486,1
mouse_iga_00172,boughter,train_cv_oof,1,0.35337656146294594,0
mouse_iga_00173,boughter,train_cv_oof,1,0.5316115675122627,1
mouse_iga_00174,boughter,train_cv_oof,1,0.5717971886373514,1
mouse_iga_00175,boughter,train_cv_oof,1,0.5351321656882071,1
mouse_iga_00176,boughter,train_cv_oof,1,0.5172535817816841,1
mouse_iga_00177,boughter,train_cv_oof,1,0.514210064167511,1
mouse_iga_00178,boughter,train_cv_oof,0,0.5798403914830359,1
mouse_iga_00179,boughter,train_cv_oof,0,0.4198860367622679,0
mouse_iga_00180,boughter,train_cv_oof,1,0.790024738912891,1
mouse_iga_00181,boughter,train_cv_oof,1,0.4587131994585105,0
mouse_iga_00182,boughter,train_cv_oof,1,0.19247524506145192,0
mouse_iga_00183,boughter,train_cv_oof,0,0.5249387100698086,1
mouse_iga_00184,boughter,train_cv_oof,0,0.49558199242066525,0
mouse_iga_00185,boughter,train_cv_oof,0,0.5002068085665857,1
mouse_iga_00186,boughter,train_cv_oof,1,0.5927368571455918,1
mouse_iga_00187,boughter,train_cv_oof,1,0.4329574109170037,0
mouse_iga_00188,boughter,train_cv_oof,0,0.5100892009898962,1
mouse_iga_00189,boughter,train_cv_oof,1,0.42131017300081697,0
mouse_iga_00190,boughter,train_cv_oof,1,0.6060787874976895,1
mouse_iga_00191,boughter,train_cv_oof,1,0.5547231852745099,1
mouse_iga_00192,boughter,train_cv_oof,0,0.5296021738118512,1
mouse_iga_00193,boughter,train_cv_oof,1,0.6598494512546459,1
mouse_iga_00194,boughter,train_cv_oof,1,0.8151296235996481,1
mouse_iga_00195,boughter,train_cv_oof,1,0.4705460850401867,0
mouse_iga_00196,boughter,train_cv_oof,1,0.606222912519764,1
mouse_iga_00197,boughter,train_cv_oof,0,0.34702631326436684,0
mouse_iga_00198,boughter,train_cv_oof,1,0.7972651604062989,1
mouse_iga_00199,boughter,train_cv_oof,0,0.732498350577298,1
mouse_iga_00200,boughter,train_cv_oof,0,0.5303808245419772,1
mouse_iga_00201,boughter,train_cv_oof,0,0.48975000394232476,0
mouse_iga_00202,boughter,train_cv_oof,0,0.6052554429940684,1
mouse_iga_00203,boughter,train_cv_oof,1,0.40298479092339584,0
mouse_iga_00204,boughter,train_cv_oof,0,0.3821038961038961,0
mouse_iga_00205,boughter,train_cv_oof,0,0.5746823959089195,1
mouse_iga_00206,boughter,train_cv_oof,1,0.772176860134526,1
mouse_iga_00207,boughter,train_cv_oof,1,0.5215202429718355,1
mouse_iga_00208,boughter,train_cv_oof,1,0.5396178077387564,1
mouse_iga_00209,boughter,train_cv_oof,0,0.600434200864862,1
mouse_iga_00210,boughter,train_cv_oof,1,0.5663230273960764,1
mouse_iga_00211,boughter,train_cv_oof,1,0.33053810298678393,0
mouse_iga_00212,boughter,train_cv_oof,1,0.6796494859463375,1
mouse_iga_00213,boughter,train_cv_oof,0,0.35895918500311313,0
mouse_iga_00214,boughter,train_cv_oof,0,0.4907655294923116,0
mouse_iga_00215,boughter,train_cv_oof,1,0.43792480853079185,0
mouse_iga_00216,boughter,train_cv_oof,1,0.700960731377864,1
mouse_iga_00217,boughter,train_cv_oof,1,0.6451972861166944,1
mouse_iga_00218,boughter,train_cv_oof,1,0.45625603864734304,0
mouse_iga_00219,boughter,train_cv_oof,1,0.5688106392584341,1
mouse_iga_00220,boughter,train_cv_oof,1,0.5381414117761046,1
mouse_iga_00221,boughter,train_cv_oof,0,0.6911678706570348,1
mouse_iga_00222,boughter,train_cv_oof,0,0.5546261788612469,1
mouse_iga_00223,boughter,train_cv_oof,1,0.31901062044131584,0
mouse_iga_00224,boughter,train_cv_oof,0,0.3204370130456418,0
mouse_iga_00225,boughter,train_cv_oof,0,0.3758356666642416,0
mouse_iga_00226,boughter,train_cv_oof,1,0.4066832019486853,0
mouse_iga_00227,boughter,train_cv_oof,0,0.5427767769864543,1
mouse_iga_00228,boughter,train_cv_oof,1,0.5593135732225492,1
mouse_iga_00229,boughter,train_cv_oof,1,0.606222912519764,1
mouse_iga_00230,boughter,train_cv_oof,1,0.6016605840403794,1
mouse_iga_00231,boughter,train_cv_oof,1,0.8026116427432216,1
mouse_iga_00232,boughter,train_cv_oof,1,0.6004987373737374,1
mouse_iga_00233,boughter,train_cv_oof,0,0.48035208344800606,0
mouse_iga_00234,boughter,train_cv_oof,1,0.47926694999701736,0
mouse_iga_00235,boughter,train_cv_oof,1,0.2471537755903081,0
mouse_iga_00236,boughter,train_cv_oof,1,0.42992131101595243,0
mouse_iga_00237,boughter,train_cv_oof,0,0.7065017813707688,1
mouse_iga_00238,boughter,train_cv_oof,1,0.514098862825645,1
mouse_iga_00239,boughter,train_cv_oof,1,0.2698264471225438,0
mouse_iga_00240,boughter,train_cv_oof,1,0.5209373409586014,1
mouse_iga_00241,boughter,train_cv_oof,1,0.6857919011058558,1
mouse_iga_00242,boughter,train_cv_oof,1,0.5883963547421104,1
mouse_iga_00243,boughter,train_cv_oof,1,0.4837039797770288,0
mouse_iga_00244,boughter,train_cv_oof,0,0.42598735222540574,0
mouse_iga_00245,boughter,train_cv_oof,0,0.6001294440323109,1
mouse_iga_00246,boughter,train_cv_oof,0,0.606131823852808,1
mouse_iga_00247,boughter,train_cv_oof,0,0.2997877600488234,0
mouse_iga_00248,boughter,train_cv_oof,1,0.47899764586685734,0
mouse_iga_00249,boughter,train_cv_oof,0,0.5100892009898962,1
mouse_iga_00250,boughter,train_cv_oof,1,0.6416078888011886,1
mouse_iga_00251,boughter,train_cv_oof,0,0.276128134564667,0
mouse_iga_00252,boughter,train_cv_oof,1,0.6569353326744848,1
mouse_iga_00253,boughter,train_cv_oof,0,0.24472878902656073,0
mouse_iga_00254,boughter,train_cv_oof,0,0.506652344109791,1
mouse_iga_00255,boughter,train_cv_oof,1,0.3758356666642416,0
mouse_iga_00256,boughter,train_cv_oof,0,0.4850235429641869,0
mouse_iga_00257,boughter,train_cv_oof,1,0.544046224757549,1
mouse_iga_00258,boughter,train_cv_oof,0,0.3562273510032944,0
mouse_iga_00259,boughter,train_cv_oof,1,0.5486323355796604,1
mouse_iga_00260,boughter,train_cv_oof,1,0.589294772364706,1
mouse_iga_00261,boughter,train_cv_oof,1,0.4274838604245044,0
mouse_iga_00262,boughter,train_cv_oof,0,0.4140407218639484,0
mouse_iga_00263,boughter,train_cv_oof,1,0.33202247713360195,0
mouse_iga_00264,boughter,train_cv_oof,0,0.6251144796036436,1
mouse_iga_00265,boughter,train_cv_oof,0,0.4704099709278967,0
mouse_iga_00266,boughter,train_cv_oof,0,0.505346099555777,1
mouse_iga_00267,boughter,train_cv_oof,0,0.41387010810718766,0
mouse_iga_00268,boughter,train_cv_oof,0,0.5760667080460458,1
mouse_iga_00269,boughter,train_cv_oof,0,0.5344531075776647,1
mouse_iga_00270,boughter,train_cv_oof,1,0.6821221926061855,1
mouse_iga_00271,boughter,train_cv_oof,0,0.5421198180023955,1
mouse_iga_00272,boughter,train_cv_oof,1,0.7185383748352263,1
mouse_iga_00273,boughter,train_cv_oof,0,0.35590944558130777,0
mouse_iga_00274,boughter,train_cv_oof,0,0.364487672574057,0
mouse_iga_00275,boughter,train_cv_oof,1,0.582492202047243,1
mouse_iga_00276,boughter,train_cv_oof,0,0.8546693121693121,1
mouse_iga_00277,boughter,train_cv_oof,0,0.43959370408780574,0
mouse_iga_00278,boughter,train_cv_oof,1,0.4819404708920635,0
mouse_iga_00279,boughter,train_cv_oof,1,0.5258308942519468,1
mouse_iga_00280,boughter,train_cv_oof,0,0.61569686757186,1
mouse_iga_00281,boughter,train_cv_oof,1,0.823242534806792,1
mouse_iga_00282,boughter,train_cv_oof,1,0.5614820911656426,1
mouse_iga_00283,boughter,train_cv_oof,0,0.1953589037954363,0
mouse_iga_00284,boughter,train_cv_oof,1,0.5246563607294098,1
mouse_iga_00285,boughter,train_cv_oof,1,0.5992625878356368,1
mouse_iga_00286,boughter,train_cv_oof,0,0.2392889697989471,0
mouse_iga_00287,boughter,train_cv_oof,1,0.5718069290827759,1
mouse_iga_00288,boughter,train_cv_oof,1,0.45964312708875105,0
mouse_iga_00289,boughter,train_cv_oof,1,0.6508603321965392,1
mouse_iga_00290,boughter,train_cv_oof,0,0.7740810359231411,1
mouse_iga_00291,boughter,train_cv_oof,1,0.6348622495423457,1
mouse_iga_00292,boughter,train_cv_oof,1,0.4541841177690234,0
mouse_iga_00293,boughter,train_cv_oof,1,0.787280212707499,1
mouse_iga_00294,boughter,train_cv_oof,0,0.5637043059608804,1
mouse_iga_00295,boughter,train_cv_oof,1,0.6866682032393587,1
mouse_iga_00296,boughter,train_cv_oof,0,0.7387869182760823,1
mouse_iga_00297,boughter,train_cv_oof,0,0.34268674426362883,0
mouse_iga_00298,boughter,train_cv_oof,1,0.8099488152749024,1
mouse_iga_00299,boughter,train_cv_oof,0,0.8546693121693121,1
mouse_iga_00300,boughter,train_cv_oof,1,0.5696844837959968,1
mouse_iga_00301,boughter,train_cv_oof,1,0.4281651326592343,0
mouse_iga_00302,boughter,train_cv_oof,0,0.3492371917810412,0
mouse_iga_00303,boughter,train_cv_oof,1,0.4243254135382653,0
mouse_iga_00304,boughter,train_cv_oof,1,0.3974222550460931,0
mouse_iga_00305,boughter,train_cv_oof,0,0.481851024396586,0
mouse_iga_00306,boughter,train_cv_oof,1,0.6557019639544217,1
mouse_iga_00307,boughter,train_cv_oof,1,0.5565405723688021,1
mouse_iga_00308,boughter,train_cv_oof,0,0.1577519886673205,0
mouse_iga_00309,boughter,train_cv_oof,1,0.404169170407224,0
mouse_iga_00310,boughter,train_cv_oof,0,0.4715079183465911,0
mouse_iga_00311,boughter,train_cv_oof,1,0.5968599819129446,1
mouse_iga_00312,boughter,train_cv_oof,1,0.24244534475537688,0
mouse_iga_00313,boughter,train_cv_oof,0,0.39286919703434753,0
mouse_iga_00314,boughter,train_cv_oof,1,0.5431988059365951,1
mouse_iga_00315,boughter,train_cv_oof,1,0.3902202225236637,0
mouse_iga_00316,boughter,train_cv_oof,1,0.4532635188827304,0
mouse_iga_00317,boughter,train_cv_oof,0,0.46963295988841247,0
mouse_iga_00318,boughter,train_cv_oof,0,0.567742263190058,1
mouse_iga_00319,boughter,train_cv_oof,0,0.3904933995948937,0
mouse_iga_00320,boughter,train_cv_oof,1,0.4821154810670737,0
mouse_iga_00321,boughter,train_cv_oof,1,0.3899570646289269,0
mouse_iga_00322,boughter,train_cv_oof,0,0.14722567287784677,0
mouse_iga_00323,boughter,train_cv_oof,1,0.6629932674824316,1
mouse_iga_00324,boughter,train_cv_oof,0,0.20454058532506753,0
mouse_iga_00325,boughter,train_cv_oof,0,0.5335433072700895,1
mouse_iga_00326,boughter,train_cv_oof,0,0.5509434495719898,1
mouse_iga_00327,boughter,train_cv_oof,0,0.5960431196633242,1
mouse_iga_00328,boughter,train_cv_oof,0,0.4075654708920634,0
mouse_iga_00329,boughter,train_cv_oof,0,0.36211507281520344,0
mouse_iga_00330,boughter,train_cv_oof,1,0.62947643538163,1
mouse_iga_00331,boughter,train_cv_oof,0,0.4048770516772754,0
mouse_iga_00332,boughter,train_cv_oof,1,0.5322777452019386,1
mouse_iga_00333,boughter,train_cv_oof,1,0.4465114090466716,0
mouse_iga_00334,boughter,train_cv_oof,0,0.4906859575551691,0
mouse_iga_00336,boughter,train_cv_oof,0,0.5982170960949186,1
mouse_iga_00337,boughter,train_cv_oof,1,0.4930084372181146,0
mouse_iga_00338,boughter,train_cv_oof,0,0.5437981722453321,1
mouse_iga_00339,boughter,train_cv_oof,0,0.46643274542096325,0
mouse_iga_00340,boughter,train_cv_oof,1,0.4335330980271996,0
mouse_iga_00341,boughter,train_cv_oof,1,0.4930084372181146,0
mouse_iga_00342,boughter,train_cv_oof,0,0.5951527980703085,1
mouse_iga_00343,boughter,train_cv_oof,1,0.6098565518714315,1
mouse_iga_00344,boughter,train_cv_oof,1,0.42616316965373463,0
mouse_iga_00345,boughter,train_cv_oof,0,0.5725077051827381,1
mouse_iga_00346,boughter,train_cv_oof,1,0.40147658931115676,0
mouse_iga_00347,boughter,train_cv_oof,1,0.4275174511023567,0
mouse_iga_00348,boughter,train_cv_oof,1,0.5106869096385023,1
mouse_iga_00349,boughter,train_cv_oof,0,0.2608441059965963,0
mouse_iga_00350,boughter,train_cv_oof,0,0.6015687659775006,1
mouse_iga_00351,boughter,train_cv_oof,1,0.6298780728218328,1
mouse_iga_00352,boughter,train_cv_oof,1,0.5689732670271562,1
mouse_iga_00353,boughter,train_cv_oof,0,0.521954050486831,1
mouse_iga_00354,boughter,train_cv_oof,0,0.3609281222204127,0
mouse_iga_00355,boughter,train_cv_oof,0,0.5258269594056626,1
mouse_iga_00356,boughter,train_cv_oof,0,0.563014763014763,1
mouse_iga_00357,boughter,train_cv_oof,1,0.5811740291353954,1
mouse_iga_00358,boughter,train_cv_oof,1,0.6445716734768681,1
mouse_iga_00359,boughter,train_cv_oof,1,0.5178865347557463,1
mouse_iga_00360,boughter,train_cv_oof,1,0.6793685190602989,1
mouse_iga_00361,boughter,train_cv_oof,1,0.3139773105951306,0
mouse_iga_00362,boughter,train_cv_oof,0,0.3816678866588661,0
mouse_iga_00363,boughter,train_cv_oof,0,0.42023119805442466,0
mouse_iga_00364,boughter,train_cv_oof,0,0.5566917879183894,1
mouse_iga_00365,boughter,train_cv_oof,1,0.48391752812720557,0
mouse_iga_00366,boughter,train_cv_oof,1,0.5264791893404345,1
mouse_iga_00367,boughter,train_cv_oof,1,0.4779084013685931,0
mouse_iga_00368,boughter,train_cv_oof,0,0.5790415364213318,1
mouse_iga_00369,boughter,train_cv_oof,0,0.27128195187989185,0
mouse_iga_00370,boughter,train_cv_oof,0,0.5778191864923496,1
mouse_iga_00371,boughter,train_cv_oof,1,0.5312198680890796,1
mouse_iga_00372,boughter,train_cv_oof,1,0.606222912519764,1
mouse_iga_00374,boughter,train_cv_oof,1,0.564231709189156,1
mouse_iga_00375,boughter,train_cv_oof,1,0.3117697249760138,0
mouse_iga_00376,boughter,train_cv_oof,1,0.3570280525900404,0
mouse_iga_00377,boughter,train_cv_oof,1,0.4140407218639484,0
mouse_iga_00378,boughter,train_cv_oof,1,0.1565775959485566,0
mouse_iga_00379,boughter,train_cv_oof,0,0.35825324908182404,0
mouse_iga_00380,boughter,train_cv_oof,0,0.23489891636745278,0
mouse_iga_00381,boughter,train_cv_oof,1,0.4695453195144853,0
mouse_iga_00382,boughter,train_cv_oof,0,0.7948806727382418,1
mouse_iga_00383,boughter,train_cv_oof,0,0.3446750659280588,0
mouse_iga_00384,boughter,train_cv_oof,0,0.3413378489664773,0
mouse_iga_00385,boughter,train_cv_oof,1,0.5329520233235472,1
mouse_iga_00386,boughter,train_cv_oof,1,0.6482894292468762,1
mouse_iga_00387,boughter,train_cv_oof,0,0.43187010810718773,0
mouse_iga_00388,boughter,train_cv_oof,0,0.6538767722024609,1
mouse_iga_00389,boughter,train_cv_oof,1,0.40609262183672346,0
mouse_iga_00390,boughter,train_cv_oof,0,0.3899570646289269,0
mouse_iga_00391,boughter,train_cv_oof,1,0.42598735222540574,0
mouse_iga_00392,boughter,train_cv_oof,1,0.5131869096385022,1
mouse_iga_00393,boughter,train_cv_oof,1,0.5628788827399601,1
mouse_iga_00394,boughter,train_cv_oof,1,0.45744515273691483,0
mouse_iga_00395,boughter,train_cv_oof,1,0.4724472756637602,0
mouse_iga_00396,boughter,train_cv_oof,0,0.5858102068832559,1
mouse_iga_00397,boughter,train_cv_oof,1,0.6836790396364865,1
mouse_iga_00398,boughter,train_cv_oof,0,0.4233594947875061,0
mouse_iga_00399,boughter,train_cv_oof,0,0.3849643533026763,0
mouse_iga_00400,boughter,train_cv_oof,0,0.538988788988789,1
mouse_iga_00401,boughter,train_cv_oof,1,0.6001294440323109,1
mouse_iga_00402,boughter,train_cv_oof,0,0.4705460850401867,0
mouse_iga_00403,boughter,train_cv_oof,1,0.7052256233045707,1
mouse_iga_00404,boughter,train_cv_oof,1,0.3891433253507722,0
mouse_iga_00405,boughter,train_cv_oof,1,0.6607894292468761,1
mouse_iga_00406,boughter,train_cv_oof,1,0.47168174295085913,0
mouse_iga_00407,boughter,train_cv_oof,1,0.4748352261267465,0
mouse_iga_00408,boughter,train_cv_oof,0,0.4720616707941713,0
mouse_iga_00409,boughter,train_cv_oof,1,0.5508687377587389,1
mouse_iga_00410,boughter,train_cv_oof,0,0.2471537755903081,0
mouse_iga_00411,boughter,train_cv_oof,1,0.5432214084670417,1
mouse_iga_00412,boughter,train_cv_oof,0,0.6095670995670995,1
mouse_iga_00413,boughter,train_cv_oof,0,0.6322332850708323,1
mouse_iga_00414,boughter,train_cv_oof,0,0.4573752908658559,0
mouse_iga_00415,boughter,train_cv_oof,0,0.4711346540752981,0
mouse_iga_00416,boughter,train_cv_oof,1,0.3477781929636149,0
mouse_iga_00417,boughter,train_cv_oof,1,0.36437164396486976,0
mouse_iga_00418,boughter,train_cv_oof,1,0.36737932925496564,0
mouse_iga_00419,boughter,train_cv_oof,0,0.44906038527006265,0
mouse_iga_00420,boughter,train_cv_oof,0,0.6225066288034803,1
mouse_iga_00421,boughter,train_cv_oof,0,0.467579226402588,0
mouse_iga_00422,boughter,train_cv_oof,0,0.508545456267339,1
mouse_iga_00423,boughter,train_cv_oof,1,0.3543123985994183,0
mouse_iga_00424,boughter,train_cv_oof,0,0.4068488755009801,0
mouse_iga_00425,boughter,train_cv_oof,1,0.5799857762890044,1
mouse_iga_00426,boughter,train_cv_oof,1,0.5875959211689701,1
mouse_iga_00427,boughter,train_cv_oof,0,0.49390445664554317,0
mouse_iga_00429,boughter,train_cv_oof,1,0.4968767321376033,0
mouse_iga_00430,boughter,train_cv_oof,0,0.6251144796036436,1
mouse_iga_00431,boughter,train_cv_oof,1,0.38775865800865805,0
mouse_iga_00432,boughter,train_cv_oof,0,0.26615931117222147,0
mouse_iga_00433,boughter,train_cv_oof,1,0.6169822998120871,1
mouse_iga_00434,boughter,train_cv_oof,1,0.44419945202267863,0
mouse_iga_00435,boughter,train_cv_oof,0,0.3988701081071877,0
mouse_iga_00436,boughter,train_cv_oof,1,0.5962405551434221,1
mouse_iga_00437,boughter,train_cv_oof,1,0.5611100011100011,1
mouse_iga_00438,boughter,train_cv_oof,1,0.4924817777968321,0
mouse_iga_00439,boughter,train_cv_oof,0,0.43745681741426423,0
mouse_iga_00440,boughter,train_cv_oof,0,0.6042486253249415,1
mouse_iga_00441,boughter,train_cv_oof,1,0.5209993940196022,1
mouse_iga_00443,boughter,train_cv_oof,1,0.5008715336950301,1
mouse_iga_00444,boughter,train_cv_oof,0,0.27255584776512276,0
mouse_iga_00445,boughter,train_cv_oof,1,0.47899764586685734,0
mouse_iga_00446,boughter,train_cv_oof,0,0.5112113811538245,1
mouse_iga_00447,boughter,train_cv_oof,0,0.6445716734768681,1
mouse_iga_00448,boughter,train_cv_oof,1,0.6071243215330562,1
mouse_iga_00449,boughter,train_cv_oof,1,0.48143759210314013,0
mouse_iga_00450,boughter,train_cv_oof,1,0.6021602806177274,1
mouse_iga_00451,boughter,train_cv_oof,1,0.32030566549108747,0
mouse_iga_00452,boughter,train_cv_oof,0,0.28934595959595966,0
mouse_iga_00453,boughter,train_cv_oof,0,0.5934650630773515,1
mouse_iga_00454,boughter,train_cv_oof,0,0.41413326600192457,0
mouse_iga_00455,boughter,train_cv_oof,0,0.3986985502494539,0
mouse_iga_00456,boughter,train_cv_oof,0,0.4524962723551632,0
mouse_iga_00457,boughter,train_cv_oof,0,0.5392128403475331,1
mouse_iga_00458,boughter,train_cv_oof,0,0.43824302406235727,0
mouse_iga_00459,boughter,train_cv_oof,0,0.4819175281272055,0
mouse_iga_00460,boughter,train_cv_oof,0,0.5907416091221334,1
mouse_iga_00461,boughter,train_cv_oof,0,0.47864583880223693,0
mouse_iga_00462,boughter,train_cv_oof,0,0.5178865347557463,1
mouse_iga_00463,boughter,train_cv_oof,0,0.5017466267736364,1
mouse_iga_00464,boughter,train_cv_oof,0,0.5198618067394069,1
mouse_iga_00465,boughter,train_cv_oof,1,0.48307017060167323,0
mouse_iga_00468,boughter,train_cv_oof,0,0.5100715701422169,1
mouse_iga_00469,boughter,train_cv_oof,0,0.37749227049877615,0
mouse_iga_00470,boughter,train_cv_oof,0,0.4687273722450529,0
mouse_iga_00471,boughter,train_cv_oof,1,0.493705869135597,0
mouse_iga_00472,boughter,train_cv_oof,1,0.4793157950642959,0
mouse_iga_00473,boughter,train_cv_oof,0,0.2673828881534727,0
mouse_iga_00474,boughter,train_cv_oof,0,0.4490297442952277,0
mouse_iga_00475,boughter,train_cv_oof,1,0.5292678778655407,1
mouse_iga_00476,boughter,train_cv_oof,1,0.5653382104800869,1
mouse_iga_00477,boughter,train_cv_oof,1,0.5493256223024204,1
mouse_iga_00478,boughter,train_cv_oof,1,0.6236673497403987,1
mouse_iga_00479,boughter,train_cv_oof,1,0.4182683469180898,0
mouse_iga_00480,boughter,train_cv_oof,1,0.650593588672536,1
nat_cntrl_00000,boughter,train_cv_oof,0,0.4674514866080104,0
nat_cntrl_00001,boughter,train_cv_oof,0,0.7614599434143285,1
nat_cntrl_00002,boughter,train_cv_oof,0,0.8378608747574265,1
nat_cntrl_00006,boughter,train_cv_oof,0,0.5231344459120135,1
nat_cntrl_00007,boughter,train_cv_oof,0,0.3610789174168435,0
nat_cntrl_00008,boughter,train_cv_oof,0,0.35669448777019197,0
nat_cntrl_00009,boughter,train_cv_oof,0,0.4386164003292521,0
nat_cntrl_00010,boughter,train_cv_oof,0,0.36356655242387703,0
nat_cntrl_00011,boughter,train_cv_oof,0,0.5688688860421494,1
nat_cntrl_00012,boughter,train_cv_oof,0,0.4492952288801346,0
nat_cntrl_00013,boughter,train_cv_oof,0,0.3912663277131537,0
nat_cntrl_00014,boughter,train_cv_oof,0,0.6606499796499796,1
nat_cntrl_00015,boughter,train_cv_oof,0,0.3718027478286912,0
nat_cntrl_00016,boughter,train_cv_oof,0,0.6579935327863878,1
nat_cntrl_00017,boughter,train_cv_oof,0,0.2687283356421549,0
nat_cntrl_00018,boughter,train_cv_oof,0,0.42247665868410544,0
nat_cntrl_00019,boughter,train_cv_oof,0,0.7785558530623707,1
nat_cntrl_00020,boughter,train_cv_oof,0,0.5633369580637402,1
nat_cntrl_00024,boughter,train_cv_oof,1,0.6163237641929757,1
nat_cntrl_00025,boughter,train_cv_oof,1,0.5730380499072615,1
nat_cntrl_00026,boughter,train_cv_oof,1,0.753486142615951,1
nat_cntrl_00029,boughter,train_cv_oof,0,0.47073970444290525,0
nat_cntrl_00031,boughter,train_cv_oof,1,0.6409417054811131,1
nat_cntrl_00032,boughter,train_cv_oof,0,0.5908116432928414,1
nat_cntrl_00033,boughter,train_cv_oof,0,0.33409887177338604,0
nat_cntrl_00034,boughter,train_cv_oof,1,0.7168397943885201,1
nat_cntrl_00035,boughter,train_cv_oof,0,0.6658268888033021,1
nat_cntrl_00036,boughter,train_cv_oof,0,0.7592624225800328,1
nat_cntrl_00039,boughter,train_cv_oof,1,0.6957531631009892,1
nat_cntrl_00040,boughter,train_cv_oof,1,0.4663309804851611,0
nat_cntrl_00042,boughter,train_cv_oof,1,0.19459409393047838,0
nat_cntrl_00043,boughter,train_cv_oof,0,0.5361651271911244,1
nat_cntrl_00047,boughter,train_cv_oof,0,0.598098805259814,1
nat_cntrl_00049,boughter,train_cv_oof,0,0.3687909547320766,0
nat_hiv_00000,boughter,train_cv_oof,1,0.889585012688461,1
nat_hiv_00001,boughter,train_cv_oof,1,0.7241650172439645,1
nat_hiv_00003,boughter,train_cv_oof,1,0.16272852475342942,0
nat_hiv_00004,boughter,train_cv_oof,1,0.4895938225978719,0
nat_hiv_00006,boughter,train_cv_oof,1,0.8629699248120299,1
nat_hiv_00007,boughter,train_cv_oof,1,0.5640190418979208,1
nat_hiv_00008,boughter,train_cv_oof,1,0.7237075531967172,1
nat_hiv_00009,boughter,train_cv_oof,1,0.7567665755821007,1
nat_hiv_00010,boughter,train_cv_oof,1,0.5620022010284373,1
nat_hiv_00011,boughter,train_cv_oof,1,0.4568174193776285,0
nat_hiv_00012,boughter,train_cv_oof,0,0.6253028115249447,1
nat_hiv_00013,boughter,train_cv_oof,0,0.5666174059622154,1
nat_hiv_00015,boughter,train_cv_oof,1,0.7421168271383789,1
nat_hiv_00016,boughter,train_cv_oof,1,0.6238053301021815,1
nat_hiv_00017,boughter,train_cv_oof,1,0.6663053806929193,1
nat_hiv_00018,boughter,train_cv_oof,1,0.4115175997789069,0
nat_hiv_00019,boughter,train_cv_oof,1,0.8007962109575013,1
nat_hiv_00021,boughter,train_cv_oof,1,0.8245476002642567,1
nat_hiv_00022,boughter,train_cv_oof,0,0.34958405483405486,0
nat_hiv_00023,boughter,train_cv_oof,1,0.38530184968715153,0
nat_hiv_00024,boughter,train_cv_oof,1,0.5015435529951455,1
nat_hiv_00025,boughter,train_cv_oof,1,0.5763310916374003,1
nat_hiv_00028,boughter,train_cv_oof,1,0.6234665426312477,1
nat_hiv_00029,boughter,train_cv_oof,1,0.5861938940631056,1
nat_hiv_00030,boughter,train_cv_oof,0,0.4175812209925708,0
nat_hiv_00032,boughter,train_cv_oof,0,0.3465663974673646,0
nat_hiv_00033,boughter,train_cv_oof,0,0.6829576548663894,1
nat_hiv_00034,boughter,train_cv_oof,0,0.8896180307249683,1
nat_hiv_00037,boughter,train_cv_oof,1,0.8546693121693121,1
nat_hiv_00038,boughter,train_cv_oof,1,0.3744450863595167,0
nat_hiv_00039,boughter,train_cv_oof,1,0.6936726347622404,1
nat_hiv_00041,boughter,train_cv_oof,1,0.787280212707499,1
nat_hiv_00043,boughter,train_cv_oof,1,0.8076359724812805,1
nat_hiv_00044,boughter,train_cv_oof,1,0.911291970260028,1
nat_hiv_00045,boughter,train_cv_oof,1,0.6940401723101581,1
nat_hiv_00048,boughter,train_cv_oof,0,0.5657251254519076,1
nat_hiv_00049,boughter,train_cv_oof,1,0.6561954843676073,1
nat_hiv_00050,boughter,train_cv_oof,1,0.7724801587301589,1
nat_hiv_00051,boughter,train_cv_oof,1,0.6101258083135879,1
nat_hiv_00052,boughter,train_cv_oof,1,0.591539532771941,1
nat_hiv_00053,boughter,train_cv_oof,1,0.5253969564424001,1
nat_hiv_00054,boughter,train_cv_oof,0,0.7962530525030527,1
nat_hiv_00057,boughter,train_cv_oof,1,0.6302510308028134,1
nat_hiv_00058,boughter,train_cv_oof,1,0.6524711087679603,1
nat_hiv_00059,boughter,train_cv_oof,1,0.9023917666373229,1
nat_hiv_00060,boughter,train_cv_oof,1,0.47718620289313235,0
nat_hiv_00062,boughter,train_cv_oof,1,0.5611938940631056,1
nat_hiv_00063,boughter,train_cv_oof,1,0.7346402712328152,1
nat_hiv_00064,boughter,train_cv_oof,1,0.6940401723101581,1
nat_hiv_00065,boughter,train_cv_oof,1,0.6133369004979091,1
nat_hiv_00066,boughter,train_cv_oof,1,0.7370309005750048,1
nat_hiv_00067,boughter,train_cv_oof,1,0.5356212293480115,1
nat_hiv_00068,boughter,train_cv_oof,1,0.4552222040608768,0
nat_hiv_00069,boughter,train_cv_oof,1,0.5312198680890796,1
nat_hiv_00070,boughter,train_cv_oof,1,0.3000390098351601,0
nat_hiv_00071,boughter,train_cv_oof,0,0.413732691800759,0
nat_hiv_00072,boughter,train_cv_oof,0,0.5116886594458441,1
nat_hiv_00073,boughter,train_cv_oof,1,0.7483913238186102,1
nat_hiv_00074,boughter,train_cv_oof,1,0.5953849441621181,1
nat_hiv_00075,boughter,train_cv_oof,1,0.5681049884498076,1
nat_hiv_00076,boughter,train_cv_oof,1,0.44007254090111597,0
nat_hiv_00077,boughter,train_cv_oof,1,0.6962744395069336,1
nat_hiv_00078,boughter,train_cv_oof,1,0.7600074854347717,1
nat_hiv_00079,boughter,train_cv_oof,1,0.566044348874136,1
nat_hiv_00080,boughter,train_cv_oof,1,0.6980196049161567,1
nat_hiv_00081,boughter,train_cv_oof,1,0.786120792417644,1
nat_hiv_00082,boughter,train_cv_oof,1,0.4145971170598489,0
nat_hiv_00083,boughter,train_cv_oof,1,0.6673818725557854,1
nat_hiv_00085,boughter,train_cv_oof,1,0.5079896940627431,1
nat_hiv_00086,boughter,train_cv_oof,1,0.2766283074143323,0
nat_hiv_00087,boughter,train_cv_oof,1,0.1801538600008395,0
nat_hiv_00088,boughter,train_cv_oof,1,0.7021949921724324,1
nat_hiv_00089,boughter,train_cv_oof,1,0.7403193408734087,1
nat_hiv_00090,boughter,train_cv_oof,1,0.7254221691451368,1
nat_hiv_00091,boughter,train_cv_oof,1,0.572656793104588,1
nat_hiv_00092,boughter,train_cv_oof,1,0.47278011520819146,0
nat_hiv_00093,boughter,train_cv_oof,1,0.5807655294923115,1
nat_hiv_00094,boughter,train_cv_oof,1,0.630506965062006,1
nat_hiv_00095,boughter,train_cv_oof,1,0.348877094062516,0
nat_hiv_00096,boughter,train_cv_oof,0,0.5361440068596519,1
nat_hiv_00097,boughter,train_cv_oof,0,0.5141121574759733,1
nat_hiv_00098,boughter,train_cv_oof,1,0.6362372102726432,1
nat_hiv_00099,boughter,train_cv_oof,0,0.5026343376391493,1
nat_hiv_00100,boughter,train_cv_oof,1,0.11943064182194615,0
nat_hiv_00103,boughter,train_cv_oof,0,0.4183309931221838,0
nat_hiv_00105,boughter,train_cv_oof,1,0.4088703996145012,0
nat_hiv_00106,boughter,train_cv_oof,1,0.8687851585751651,1
nat_hiv_00107,boughter,train_cv_oof,1,0.608609461688409,1
nat_hiv_00108,boughter,train_cv_oof,1,0.4771751038847813,0
nat_hiv_00109,boughter,train_cv_oof,1,0.7749822897888887,1
nat_hiv_00110,boughter,train_cv_oof,1,0.5717166777592493,1
nat_hiv_00111,boughter,train_cv_oof,1,0.5494305296337594,1
nat_hiv_00112,boughter,train_cv_oof,1,0.8260978835978836,1
nat_hiv_00113,boughter,train_cv_oof,1,0.8033957013251257,1
nat_hiv_00114,boughter,train_cv_oof,1,0.11943064182194615,0
nat_hiv_00116,boughter,train_cv_oof,1,0.3316612721241239,0
nat_hiv_00117,boughter,train_cv_oof,1,0.804846716125674,1
nat_hiv_00118,boughter,train_cv_oof,1,0.8546693121693121,1
nat_hiv_00120,boughter,train_cv_oof,1,0.7329108248073766,1
nat_hiv_00121,boughter,train_cv_oof,0,0.7694558646644412,1
nat_hiv_00123,boughter,train_cv_oof,0,0.6802875198657496,1
nat_hiv_00125,boughter,train_cv_oof,0,0.6562922752605489,1
nat_hiv_00126,boughter,train_cv_oof,1,0.508057168695181,1
nat_hiv_00127,boughter,train_cv_oof,0,0.5370443781645954,1
nat_hiv_00128,boughter,train_cv_oof,1,0.6308089062361926,1
nat_hiv_00129,boughter,train_cv_oof,1,0.5763768597233436,1
nat_hiv_00130,boughter,train_cv_oof,1,0.2548936429378029,0
nat_hiv_00131,boughter,train_cv_oof,1,0.7623835978835979,1
nat_hiv_00132,boughter,train_cv_oof,1,0.3962767620935956,0
plos_hiv_00000,boughter,train_cv_oof,1,0.6712109472813159,1
plos_hiv_00001,boughter,train_cv_oof,1,0.607699528147323,1
plos_hiv_00002,boughter,train_cv_oof,0,0.6504491354446642,1
plos_hiv_00003,boughter,train_cv_oof,1,0.6251144796036436,1
plos_hiv_00004,boughter,train_cv_oof,1,0.7661372602629718,1
plos_hiv_00005,boughter,train_cv_oof,1,0.49735357630516897,0
plos_hiv_00006,boughter,train_cv_oof,0,0.6421807125104997,1
plos_hiv_00007,boughter,train_cv_oof,0,0.4552222040608768,0
plos_hiv_00008,boughter,train_cv_oof,1,0.3089451245409527,0
plos_hiv_00009,boughter,train_cv_oof,0,0.35662240091857567,0
plos_hiv_00010,boughter,train_cv_oof,0,0.6486626082054234,1
plos_hiv_00011,boughter,train_cv_oof,1,0.5875918160786582,1
plos_hiv_00012,boughter,train_cv_oof,1,0.6864294916034046,1
plos_hiv_00013,boughter,train_cv_oof,1,0.8295677285677285,1
plos_hiv_00014,boughter,train_cv_oof,1,0.7092252164292762,1
plos_hiv_00015,boughter,train_cv_oof,1,0.7980281855285618,1
plos_hiv_00016,boughter,train_cv_oof,0,0.3416444301420717,0
plos_hiv_00017,boughter,train_cv_oof,0,0.8546693121693121,1
plos_hiv_00018,boughter,train_cv_oof,1,0.9025053546524845,1
plos_hiv_00019,boughter,train_cv_oof,1,0.7989171348745818,1
plos_hiv_00020,boughter,train_cv_oof,0,0.40505099338454853,0
plos_hiv_00021,boughter,train_cv_oof,1,0.9041666666666666,1
plos_hiv_00022,boughter,train_cv_oof,1,0.37852849320035536,0
plos_hiv_00023,boughter,train_cv_oof,0,0.5582087956634189,1
plos_hiv_00024,boughter,train_cv_oof,0,0.19089442815249263,0
plos_hiv_00025,boughter,train_cv_oof,0,0.4272385634460103,0
plos_hiv_00026,boughter,train_cv_oof,0,0.574505582374794,1
plos_hiv_00027,boughter,train_cv_oof,1,0.48228933901612114,0
plos_hiv_00028,boughter,train_cv_oof,1,0.3175020077961254,0
plos_hiv_00029,boughter,train_cv_oof,1,0.575520783599955,1
plos_hiv_00030,boughter,train_cv_oof,1,0.4562205257328366,0
plos_hiv_00031,boughter,train_cv_oof,1,0.7562352307020364,1
plos_hiv_00032,boughter,train_cv_oof,1,0.6381521958818748,1
plos_hiv_00033,boughter,train_cv_oof,1,0.40978877477621223,0
plos_hiv_00034,boughter,train_cv_oof,0,0.5522617602178073,1
plos_hiv_00035,boughter,train_cv_oof,0,0.4252766743824129,0
plos_hiv_00036,boughter,train_cv_oof,1,0.5242566461316461,1
plos_hiv_00037,boughter,train_cv_oof,0,0.9041666666666666,1
plos_hiv_00038,boughter,train_cv_oof,0,0.469004527300194,0
plos_hiv_00039,boughter,train_cv_oof,1,0.8057185935852378,1
plos_hiv_00040,boughter,train_cv_oof,1,0.8546693121693121,1
plos_hiv_00041,boughter,train_cv_oof,1,0.7960337570307228,1
plos_hiv_00042,boughter,train_cv_oof,0,0.6827376567802284,1
plos_hiv_00043,boughter,train_cv_oof,1,0.6063064767542716,1
plos_hiv_00044,boughter,train_cv_oof,1,0.7262237044714484,1
plos_hiv_00045,boughter,train_cv_oof,1,0.8637083989278429,1
plos_hiv_00046,boughter,train_cv_oof,1,0.7249546379123037,1
plos_hiv_00047,boughter,train_cv_oof,1,0.6085225629369753,1
plos_hiv_00048,boughter,train_cv_oof,1,0.7829705532826251,1
plos_hiv_00049,boughter,train_cv_oof,1,0.5070566434035604,1
plos_hiv_00050,boughter,train_cv_oof,1,0.6877466934888755,1
plos_hiv_00051,boughter,train_cv_oof,1,0.34513608116202454,0
flu_00001,boughter,boughter,0,0.4446210071290717,0
flu_00002,boughter,boughter,0,0.5356767538017538,1
flu_00003,boughter,boughter,1,0.4974589213137316,0
flu_00004,boughter,boughter,1,0.5917227910977911,1
flu_00005,boughter,boughter,1,0.6834839743589743,1
flu_00006,boughter,boughter,1,0.7751506410256411,1
flu_00007,boughter,boughter,1,0.6440113636363638,1
flu_00008,boughter,boughter,1,0.5193771260101905,1
flu_00009,boughter,boughter,1,0.37870624800331115,0
flu_00010,boughter,boughter,1,0.7834839743589743,1
flu_00011,boughter,boughter,1,0.6431268315018315,1
flu_00012,boughter,boughter,1,0.4895989736070382,0
flu_00013,boughter,boughter,1,0.5539193722943724,1
flu_00014,boughter,boughter,0,0.5307490259796583,1
flu_00015,boughter,boughter,1,0.4611162723112779,0
flu_00016,boughter,boughter,1,0.4005605410226575,0
flu_00017,boughter,boughter,1,0.7865149837681861,1
flu_00018,boughter,boughter,1,0.6209082167832168,1
flu_00019,boughter,boughter,1,0.5669614574150394,1
flu_00020,boughter,boughter,1,0.8084839743589743,1
flu_00022,boughter,boughter,1,0.32331789929065663,0
flu_00024,boughter,boughter,1,0.4303839996839979,0
flu_00026,boughter,boughter,1,0.44673776223776224,0
flu_00027,boughter,boughter,1,0.32418181886635394,0
flu_00029,boughter,boughter,1,0.5661571345321346,1
flu_00030,boughter,boughter,0,0.6006984265734265,1
flu_00032,boughter,boughter,1,0.8084839743589743,1
flu_00033,boughter,boughter,1,0.6253165077316121,1
flu_00034,boughter,boughter,0,0.3942441617522263,0
flu_00035,boughter,boughter,1,0.37641587892394346,0
flu_00036,boughter,boughter,1,0.6295750795167399,1
flu_00037,boughter,boughter,1,0.857403544905518,1
flu_00039,boughter,boughter,1,0.5866116799866801,1
flu_00040,boughter,boughter,1,0.7030596347206185,1
flu_00041,boughter,boughter,1,0.5932195482889775,1
flu_00042,boughter,boughter,1,0.4113563551144196,0
flu_00043,boughter,boughter,1,0.5004890109890111,1
flu_00044,boughter,boughter,1,0.45278882319544367,0
flu_00045,boughter,boughter,1,0.32709933435739885,0
flu_00047,boughter,boughter,1,0.5169308500639147,1
flu_00049,boughter,boughter,0,0.5532783466533466,1
flu_00050,boughter,boughter,1,0.30059848553302065,0
flu_00051,boughter,boughter,1,0.2516166412525778,0
flu_00052,boughter,boughter,1,0.6219218638937697,1
flu_00053,boughter,boughter,0,0.7969325096098828,1
flu_00054,boughter,boughter,1,0.6224132783861714,1
flu_00055,boughter,boughter,0,0.5475993482324129,1
flu_00056,boughter,boughter,0,0.41761627076476887,0
flu_00057,boughter,boughter,1,0.28174219150025603,0
flu_00059,boughter,boughter,1,0.5833894577644578,1
flu_00060,boughter,boughter,0,0.27594644169076543,0
flu_00061,boughter,boughter,1,0.5153283136001404,1
flu_00062,boughter,boughter,1,0.763029428904429,1
flu_00064,boughter,boughter,1,0.500957264957265,1
flu_00065,boughter,boughter,0,0.7050398659379267,1
flu_00066,boughter,boughter,1,0.1988165060745706,0
flu_00067,boughter,boughter,1,0.6821073973277103,1
flu_00068,boughter,boughter,0,0.2679318188663539,0
flu_00072,boughter,boughter,1,0.21705546273944734,0
flu_00074,boughter,boughter,0,0.6332783466533467,1
flu_00078,boughter,boughter,0,0.2604284907663625,0
flu_00079,boughter,boughter,0,0.20345936321742775,0
flu_00081,boughter,boughter,0,0.42479661472755287,0
flu_00082,boughter,boughter,0,0.6467227910977911,1
flu_00083,boughter,boughter,0,0.46893529791917715,0
flu_00085,boughter,boughter,0,0.3862846443823746,0
flu_00087,boughter,boughter,0,0.37469751455380695,0
flu_00088,boughter,boughter,0,0.4349768583584532,0
flu_00089,boughter,boughter,0,0.27659428385234835,0
flu_00095,boughter,boughter,1,0.33169477833758465,0
flu_00096,boughter,boughter,0,0.3656868693714045,0
flu_00099,boughter,boughter,1,0.6539955183705184,1
flu_00100,boughter,boughter,1,0.6230240224264166,1
flu_00101,boughter,boughter,1,0.7731268315018316,1
flu_00102,boughter,boughter,1,0.2645704743285388,0
flu_00103,boughter,boughter,1,0.5107052868088999,1
flu_00104,boughter,boughter,1,0.33911047813159356,0
flu_00105,boughter,boughter,1,0.6862103429003297,1
flu_00106,boughter,boughter,1,0.6355510739260739,1
flu_00107,boughter,boughter,1,0.62045206607726,1
flu_00108,boughter,boughter,1,0.5532919611750258,1
flu_00109,boughter,boughter,1,0.5308718812549458,1
flu_00110,boughter,boughter,1,0.7969284188034187,1
flu_00111,boughter,boughter,1,0.5015547576040433,1
flu_00113,boughter,boughter,1,0.7911886544108515,1
flu_00114,boughter,boughter,1,0.7296960955710956,1
flu_00115,boughter,boughter,1,0.629761860565005,1
flu_00118,boughter,boughter,1,0.44301066960012836,0
flu_00119,boughter,boughter,1,0.49797143447949904,0
flu_00120,boughter,boughter,1,0.7437094633191206,1
flu_00121,boughter,boughter,1,0.46128767379573843,0
flu_00122,boughter,boughter,1,0.37624493875300324,0
flu_00123,boughter,boughter,1,0.5638989760239761,1
flu_00124,boughter,boughter,1,0.6759082167832167,1
flu_00125,boughter,boughter,1,0.6416116799866801,1
flu_00126,boughter,boughter,1,0.4257398882479528,0
flu_00127,boughter,boughter,1,0.36527397176387816,0
flu_00128,boughter,boughter,1,0.6733621397115716,1
flu_00129,boughter,boughter,0,0.2693848849218655,0
flu_00130,boughter,boughter,0,0.2991818188663539,0
flu_00131,boughter,boughter,1,0.7695124429471178,1
flu_00132,boughter,boughter,0,0.4596626737957384,0
flu_00134,boughter,boughter,0,0.2073208823371723,0
flu_00135,boughter,boughter,1,0.7635950854700855,1
flu_00136,boughter,boughter,1,0.8084839743589743,1
flu_00137,boughter,boughter,1,0.6135490823113094,1
flu_00138,boughter,boughter,0,0.6863223581973582,1
flu_00143,boughter,boughter,1,0.7312230330466019,1
flu_00146,boughter,boughter,1,0.2753527204630751,0
flu_00147,boughter,boughter,1,0.722120337995338,1
flu_00148,boughter,boughter,1,0.6188294671441302,1
flu_00149,boughter,boughter,1,0.7708753704348001,1
flu_00150,boughter,boughter,1,0.5367639472206616,1
flu_00151,boughter,boughter,1,0.8358173076923077,1
flu_00152,boughter,boughter,1,0.8084839743589743,1
flu_00158,boughter,boughter,1,0.7533936664364289,1
flu_00159,boughter,boughter,1,0.3754724881858727,0
flu_00161,boughter,boughter,0,0.4218976597112313,0
flu_00162,boughter,boughter,1,0.8084839743589743,1
flu_00163,boughter,boughter,1,0.7584839743589743,1
flu_00164,boughter,boughter,1,0.7292141293593912,1
flu_00166,boughter,boughter,1,0.8691506410256411,1
flu_00167,boughter,boughter,0,0.32319596890339347,0
flu_00168,boughter,boughter,1,0.5451019241228829,1
flu_00169,boughter,boughter,0,0.6284839743589744,1
flu_00170,boughter,boughter,0,0.19891804383000344,0
flu_00178,boughter,boughter,0,0.336710678895214,0
flu_00179,boughter,boughter,1,0.6412562781598383,1
flu_00180,boughter,boughter,0,0.5108284167967246,1
flu_00182,boughter,boughter,0,0.6094165423695659,1
flu_00183,boughter,boughter,0,0.6480981600027131,1
flu_00184,boughter,boughter,0,0.46788452440635425,0
flu_00185,boughter,boughter,0,0.610879123744642,1
flu_00186,boughter,boughter,0,0.5234297678128323,1
flu_00187,boughter,boughter,0,0.5360437926768572,1
flu_00188,boughter,boughter,0,0.5958935540266186,1
flu_00190,boughter,boughter,0,0.4007296044141396,0
flu_00191,boughter,boughter,0,0.5066726570104485,1
flu_00193,boughter,boughter,0,0.6140506676580918,1
flu_00194,boughter,boughter,0,0.4073535360380712,0
flu_00195,boughter,boughter,1,0.41858149184488563,0
flu_00196,boughter,boughter,0,0.34820261437908495,0
flu_00198,boughter,boughter,0,0.25988506215145984,0
flu_00199,boughter,boughter,0,0.3730725381975872,0
flu_00200,boughter,boughter,0,0.1988165060745706,0
flu_00201,boughter,boughter,0,0.4175376737957383,0
flu_00202,boughter,boughter,0,0.4084835649210438,0
flu_00204,boughter,boughter,0,0.6853021561771563,1
flu_00205,boughter,boughter,0,0.5500939714426955,1
flu_00206,boughter,boughter,0,0.30578523166196436,0
flu_00207,boughter,boughter,0,0.42599921225727677,0
flu_00208,boughter,boughter,0,0.5248112751943397,1
flu_00209,boughter,boughter,0,0.5712682456432457,1
flu_00210,boughter,boughter,0,0.44753027386216016,0
flu_00211,boughter,boughter,1,0.5186500254512257,1
flu_00212,boughter,boughter,0,0.5040616651430243,1
flu_00213,boughter,boughter,1,0.44036866248552675,0
flu_00214,boughter,boughter,0,0.5561237127567773,1
flu_00215,boughter,boughter,0,0.22012602988409444,0
flu_00217,boughter,boughter,1,0.2643719260553419,0
flu_00218,boughter,boughter,0,0.2872088728368823,0
flu_00219,boughter,boughter,1,0.8284839743589745,1
flu_00222,boughter,boughter,0,0.28393181886635394,0
flu_00223,boughter,boughter,1,0.7751506410256411,1
flu_00224,boughter,boughter,0,0.5486746170496171,1
flu_00225,boughter,boughter,0,0.28459848553302064,0
flu_00226,boughter,boughter,0,0.4100694314054488,0
flu_00227,boughter,boughter,0,0.5967227910977911,1
flu_00228,boughter,boughter,1,0.46077861292984174,0
flu_00229,boughter,boughter,0,0.6771862128546859,1
flu_00230,boughter,boughter,0,0.6939360747598299,1
flu_00231,boughter,boughter,1,0.7370492017616002,1
flu_00232,boughter,boughter,1,0.5193771260101905,1
flu_00233,boughter,boughter,1,0.2595647414727079,0
flu_00234,boughter,boughter,1,0.41014159764966224,0
flu_00235,boughter,boughter,1,0.4036021406048449,0
flu_00236,boughter,boughter,0,0.6381405400155401,1
flu_00237,boughter,boughter,0,0.5246218812549458,1
flu_00238,boughter,boughter,1,0.2812371409952055,0
flu_00240,boughter,boughter,0,0.6087870046620047,1
flu_00242,boughter,boughter,0,0.44928981054787503,0
flu_00244,boughter,boughter,0,0.4673482798563445,0
flu_00245,boughter,boughter,0,0.4369803428911613,0
flu_00246,boughter,boughter,0,0.1988165060745706,0
flu_00248,boughter,boughter,0,0.26203158010303174,0
flu_00249,boughter,boughter,0,0.3179318188663539,0
flu_00251,boughter,boughter,0,0.4158282720863366,0
flu_00253,boughter,boughter,0,0.3179318188663539,0
flu_00254,boughter,boughter,0,0.6348375655600135,1
flu_00256,boughter,boughter,1,0.7808097794938126,1
flu_00258,boughter,boughter,1,0.7501506410256411,1
flu_00260,boughter,boughter,1,0.6135147673720706,1
flu_00261,boughter,boughter,0,0.6911514641777456,1
flu_00262,boughter,boughter,1,0.8084839743589743,1
flu_00263,boughter,boughter,0,0.5622922583982991,1
flu_00264,boughter,boughter,1,0.8084839743589743,1
flu_00266,boughter,boughter,1,0.6128173526266264,1
flu_00269,boughter,boughter,1,0.4924764849845496,0
flu_00271,boughter,boughter,1,0.6367907038338577,1
flu_00272,boughter,boughter,0,0.6095873845098981,1
flu_00274,boughter,boughter,0,0.1988165060745706,0
flu_00275,boughter,boughter,0,0.4095782720863366,0
flu_00276,boughter,boughter,0,0.41599921225727676,0
flu_00277,boughter,boughter,0,0.4174065549146194,0
flu_00281,boughter,boughter,1,0.6254536713286714,1
flu_00282,boughter,boughter,0,0.44928981054787503,0
flu_00284,boughter,boughter,0,0.8084839743589743,1
flu_00285,boughter,boughter,0,0.5118742122572768,1
flu_00287,boughter,boughter,0,0.629490467865468,1
flu_00288,boughter,boughter,1,0.5559717138368242,1
flu_00290,boughter,boughter,1,0.6481268315018316,1
flu_00291,boughter,boughter,1,0.44017563500422774,0
flu_00292,boughter,boughter,1,0.5041578144078145,1
flu_00295,boughter,boughter,0,0.38303844794053427,0
flu_00298,boughter,boughter,1,0.5060584554334555,1
flu_00302,boughter,boughter,0,0.1988165060745706,0
flu_00303,boughter,boughter,0,0.5362112624025329,1
flu_00304,boughter,boughter,0,0.5951881446703788,1
flu_00306,boughter,boughter,1,0.6217961237497205,1
flu_00309,boughter,boughter,1,0.6893296570906271,1
flu_00311,boughter,boughter,1,0.618180944055944,1
flu_00316,boughter,boughter,1,0.6554766790997217,1
flu_00318,boughter,boughter,1,0.4871540533102473,0
flu_00320,boughter,boughter,1,0.6491243771902695,1
flu_00321,boughter,boughter,1,0.576328733813247,1
flu_00322,boughter,boughter,1,0.7181405400155401,1
flu_00323,boughter,boughter,0,0.3840379138078721,0
flu_00324,boughter,boughter,0,0.4206479322512737,0
flu_00326,boughter,boughter,0,0.7346147764843236,1
flu_00327,boughter,boughter,1,0.5821483843004241,1
flu_00331,boughter,boughter,1,0.2510724930876207,0
flu_00339,boughter,boughter,0,0.4199949387530032,0
flu_00342,boughter,boughter,0,0.31440323771000694,0
flu_00344,boughter,boughter,0,0.2567897854718266,0
flu_00348,boughter,boughter,0,0.3479503854105338,0
flu_00352,boughter,boughter,0,0.5803120259390783,1
flu_00353,boughter,boughter,0,0.25665411482828393,0
flu_00354,boughter,boughter,0,0.3185920792388327,0
flu_00355,boughter,boughter,0,0.3262847600428246,0
flu_00357,boughter,boughter,0,0.338940869361259,0
flu_00359,boughter,boughter,0,0.2417700737440473,0
flu_00361,boughter,boughter,0,0.3171259444111095,0
flu_00363,boughter,boughter,0,0.6696489547334139,1
flu_00366,boughter,boughter,0,0.8084839743589743,1
flu_00369,boughter,boughter,0,0.6063751469652597,1
flu_00371,boughter,boughter,0,0.4836564012879232,0
flu_00372,boughter,boughter,0,0.817914411823355,1
flu_00374,boughter,boughter,1,0.1988165060745706,0
flu_00375,boughter,boughter,1,0.31635353603807115,0
flu_00376,boughter,boughter,1,0.47001815165121624,0
flu_00377,boughter,boughter,0,0.5642052145882792,1
