Residue,A,G,L,M,F,W,K,Q,E,S,P,V,I,C,Y,H,R,N,D,T
A,0,0,0,0,0,0,0,0,0,0,0,0,0,0,0,0,0,0,0,0
G,0,0,0,0,0,0,0,0,0,0,0,0,0,0,0,0,0,0,0,0
L,0,0,1,1,1,1,-1,-1,-1,-1,1,1,1,-1,0,0,-1,-1,-1,-1
M,0,0,1,1,1,1,-1,-1,-1,-1,1,1,1,-1,0,0,-1,-1,-1,-1
F,0,0,1,1,1,1,-1,-1,-1,-1,1,1,1,-1,0,0,-1,-1,-1,-1
W,0,0,1,1,1,1,-1,-1,-1,-1,1,1,1,-1,0,0,-1,-1,-1,-1
K,0,0,-1,-1,-1,-1,-1,1,1,1,-1,-1,-1,1,1,1,-1,1,1,1
Q,0,0,-1,-1,-1,-1,1,1,1,1,-1,-1,-1,1,1,1,1,1,1,1
E,0,0,-1,-1,-1,-1,1,1,-1,1,-1,-1,-1,1,1,1,1,1,-1,1
S,0,0,-1,-1,-1,-1,1,1,1,1,-1,-1,-1,1,1,1,1,1,1,1
P,0,0,1,1,1,1,-1,-1,-1,-1,0,1,1,-1,0,0,-1,-1,-1,-1
V,0,0,1,1,1,1,-1,-1,-1,-1,1,1,1,-1,0,0,-1,-1,-1,-1
I,0,0,1,1,1,1,-1,-1,-1,-1,1,1,1,-1,0,0,-1,-1,-1,-1
C,0,0,-1,-1,-1,-1,1,1,1,1,-1,-1,-1,1,1,1,1,1,1,1
Y,0,0,0,0,0,0,1,1,1,1,0,0,0,1,1,1,1,1,1,1
H,0,0,0,0,0,0,1,1,1,1,0,0,0,1,1,1,1,1,1,1
R,0,0,-1,-1,-1,-1,-1,1,1,1,-1,-1,-1,1,1,1,-1,1,1,1
N,0,0,-1,-1,-1,-1,1,1,1,1,-1,-1,-1,1,1,1,1,1,1,1
D,0,0,-1,-1,-1,-1,1,1,-1,1,-1,-1,-1,1,1,1,1,1,-1,1
T,0,0,-1,-1,-1,-1,1,1,1,1,-1,-1,-1,1,1,1,1,1,1,1