id,heavy_seq,light_seq,reactivity_count,source,family,cdrh3,lineage,species,label
flu_00001,GFTFSSYT,,0,flu,influenza,ARDGTSLTVAGPLDY,influenza|ARDGTSLTVAGPLDY,human,0
flu_00002,GFTVNSNY,,0,flu,influenza,ARVLYVCGGDCSFTFDY,influenza|ARVLYVCGGDCSFTFDY,human,0
flu_00005,GFIFGHFA,,6,flu,influenza,ARFDSSGYNYVRGMVV,influenza|ARFDSSGYNYVRGMVV,human,1
flu_00006,GGSFSGYY,,6,flu,influenza,ARGRAGILTGYSYDY,influenza|ARGRAGILTGYSYDY,human,1
flu_00007,GFTFSTYG,,6,flu,influenza,AKDWGPRILYYFTSGSYSPLDY,influenza|AKDWGPRILYYFTSGSYSPLDY,human,1
flu_00008,GGSISGHY,,5,flu,influenza,ARDSTGYSKENAFDI,influenza|ARDSTGYSKENAFDI,human,1
flu_00010,GFTLGHFA,,6,flu,influenza,GKYDSSGHHYVRRMHF,influenza|GKYDSSGHHYVRRMHF,human,1
flu_00013,GFTFSNYG,,5,flu,influenza,AKDEGRPSASLGIMYYFDY,influenza|AKDEGRPSASLGIMYYFDY,human,1
flu_00015,GYSISSGSY,,6,flu,influenza,ARPSLSYRIYFDS,influenza|ARPSLSYRIYFDS,human,1
flu_00016,GFTFNTYN,,6,flu,influenza,ARGAQAGYSSFFPPTTF,influenza|ARGAQAGYSSFFPPTTF,human,1
flu_00017,GFTFGAFA,,4,flu,influenza,GKYDSSGHHYVRRMHF,influenza|GKYDSSGHHYVRRMHF,human,1
flu_00018,GFTFHQFA,,6,flu,influenza,GKYDSSGHHYVRRMHF,influenza|GKYDSSGHHYVRRMHF,human,1
flu_00020,GFTSGTYA,,6,flu,influenza,AKHGHMIFGVIIPNWFDP,influenza|AKHGHMIFGVIIPNWFDP,human,1
flu_00030,GDSITNYY,,0,flu,influenza,AREITRGLDAYDI,influenza|AREITRGLDAYDI,human,0
flu_00032,GDDFTSGGFY,,6,flu,influenza,ARGIVRLPANIPLANDY,influenza|ARGIVRLPANIPLANDY,human,1
flu_00033,GFIFGTFG,,6,flu,influenza,ARDGGVPRRYSLDV,influenza|ARDGGVPRRYSLDV,human,1
flu_00034,GFIFSSYW,,0,flu,influenza,VRVGAYGDTYHDYYGMDV,influenza|VRVGAYGDTYHDYYGMDV,human,0
flu_00035,GFTFTRHW,,6,flu,influenza,ARYGGSYLDY,influenza|ARYGGSYLDY,human,1
flu_00036,GFTFGDYA,,5,flu,influenza,TRDLVGATTFFLYGMDV,influenza|TRDLVGATTFFLYGMDV,human,1
flu_00037,GGSVSSWTYY,,6,flu,influenza,ATQGI,influenza|ATQGI,human,1
flu_00040,GGSISSYY,,6,flu,influenza,ARGGGHYFLNWFDP,influenza|ARGGGHYFLNWFDP,human,1
flu_00041,AFTFSSYT,,6,flu,influenza,AKLSTYSNGNF,influenza|AKLSTYSNGNF,human,1
flu_00044,GFSFSTFA,,6,flu,influenza,VKEEKRFLDKLSIMA,influenza|VKEEKRFLDKLSIMA,human,1
flu_00049,GFTFRSHW,,0,flu,influenza,ARGSGAD,influenza|ARGSGAD,human,0
flu_00050,GFTFSSYA,,6,flu,influenza,AKEGDVDIVVTITPPRYY,influenza|AKEGDVDIVVTITPPRYY,human,1
flu_00052,GFTFGSYA,,6,flu,influenza,AKAAAPHIVVAGVFDY,influenza|AKAAAPHIVVAGVFDY,human,1
flu_00053,GGSIRSGIHY,,0,flu,influenza,ARAAKESLCIGGSCDSNYEHYGLDV,influenza|ARAAKESLCIGGSCDSNYEHYGLDV,human,0
flu_00054,GFTFTSYA,,6,flu,influenza,AKEMRRDIATAGYFDY,influenza|AKEMRRDIATAGYFDY,human,1
flu_00055,GGSIRSGGYY,,0,flu,influenza,ARASKESLCIGGSCDSNYQHYGLDV,influenza|ARASKESLCIGGSCDSNYQHYGLDV,human,0
flu_00057,GFTFSNYV,,6,flu,influenza,AKDVVATNPPLSGYFDY,influenza|AKDVVATNPPLSGYFDY,human,1
flu_00060,GFSFSSYS,,0,flu,influenza,ARDDDSNDYNQDRYYYYGMDV,influenza|ARDDDSNDYNQDRYYYYGMDV,human,0
flu_00061,GFTFPGYN,,5,flu,influenza,ARDLGGRGALTGYWIDS,influenza|ARDLGGRGALTGYWIDS,human,1
flu_00062,GDSISSGIYF,,6,flu,influenza,ARETPADRPYCGSGSCSFDS,influenza|ARETPADRPYCGSGSCSFDS,human,1
flu_00065,GGSISPHY,,0,flu,influenza,ARGGFPAELPPPLDP,influenza|ARGGFPAELPPPLDP,human,0
flu_00067,GYSFTSSW,,4,flu,influenza,TRDSFYDVDLSSFYMDV,influenza|TRDSFYDVDLSSFYMDV,human,1
flu_00068,GFTFSSYS,,0,flu,influenza,ARVSREEWATVDDPHDYYYMDV,influenza|ARVSREEWATVDDPHDYYYMDV,human,0
flu_00072,GFTFSSYS,,5,flu,influenza,ARVSSEEWATVDDPHDYYYMDV,influenza|ARVSSEEWATVDDPHDYYYMDV,human,1
flu_00078,GFTFSTHS,,0,flu,influenza,ARVSREEWATVDDPHDYYYMDV,influenza|ARVSREEWATVDDPHDYYYMDV,human,0
flu_00079,GFTFSSYS,,0,flu,influenza,ARVSSEEWATVDDPHDYFYMDV,influenza|ARVSSEEWATVDDPHDYFYMDV,human,0
flu_00083,GFTFSSYS,,0,flu,influenza,ARVSREEWATVDDPHDYYYMDV,influenza|ARVSREEWATVDDPHDYYYMDV,human,0
flu_00085,GFTFSSYS,,0,flu,influenza,ARVSREEWATVDDPHDYYYMDV,influenza|ARVSREEWATVDDPHDYYYMDV,human,0
flu_00096,GFIFNDYA,,0,flu,influenza,YGSGAYQAH,influenza|YGSGAYQAH,human,0
flu_00100,GFTFSSSW,,5,flu,influenza,ARDHDYGDYRGNAFDM,influenza|ARDHDYGDYRGNAFDM,human,1
flu_00102,GFIFSDYT,,5,flu,influenza,AKDRVRDGDNDWDSVDATYWGYGVFDT,influenza|AKDRVRDGDNDWDSVDATYWGYGVFDT,human,1
flu_00103,GFSFSSFW,,5,flu,influenza,VRDNDYGDYRGNAFDI,influenza|VRDNDYGDYRGNAFDI,human,1
flu_00104,GFTFSDYT,,5,flu,influenza,ARDRVRDGDNYWDSVDATYWGYGAFDI,influenza|ARDRVRDGDNYWDSVDATYWGYGAFDI,human,1
flu_00105,GGSISKYY,,5,flu,influenza,VRADGDSEGFGYHYGMDV,influenza|VRADGDSEGFGYHYGMDV,human,1
flu_00107,GFTFSSSW,,5,flu,influenza,ARDHDYGDYRGNAFDL,influenza|ARDHDYGDYRGNAFDL,human,1
flu_00108,GFTFSSYG,,6,flu,influenza,AKIFSWQQLDYYYYAMDV,influenza|AKIFSWQQLDYYYYAMDV,human,1
flu_00109,GFTFSSSW,,5,flu,influenza,ARDHDYGDYRGNAYDI,influenza|ARDHDYGDYRGNAYDI,human,1
flu_00111,GGSMRSSSYY,,6,flu,influenza,ARRWFGELDYYGSDV,influenza|ARRWFGELDYYGSDV,human,1
flu_00113,GGSISTYY,,5,flu,influenza,ARAVSTLVSVDYYFYYIDV,influenza|ARAVSTLVSVDYYFYYIDV,human,1
flu_00114,GGSIRSYY,,5,flu,influenza,ARGVSALVSVDYYYYYMDV,influenza|ARGVSALVSVDYYYYYMDV,human,1
flu_00115,GFTFSSSW,,5,flu,influenza,ARDYDYGDYRGNAFDL,influenza|ARDYDYGDYRGNAFDL,human,1
flu_00118,GFTFISYA,,5,flu,influenza,AKDRILPYDTDAFDI,influenza|AKDRILPYDTDAFDI,human,1
flu_00119,GFSFKDYA,,4,flu,influenza,AKDRVVGRPWEYSLDF,influenza|AKDRVVGRPWEYSLDF,human,1
flu_00120,GFSVSSNF,,5,flu,influenza,ASRHYNYDDDY,influenza|ASRHYNYDDDY,human,1
flu_00121,EYTFRNYW,,6,flu,influenza,ARAGSYGDYRPINNWFDP,influenza|ARAGSYGDYRPINNWFDP,human,1
flu_00122,GFTFRIYA,,6,flu,influenza,ARDPSNPPHWGNFDS,influenza|ARDPSNPPHWGNFDS,human,1
flu_00123,AFTFNKYA,,6,flu,influenza,AKDLAVTPPAQGYLDR,influenza|AKDLAVTPPAQGYLDR,human,1
flu_00124,GDSNTRTY,,5,flu,influenza,AATFHDFEIGFRWFDP,influenza|AATFHDFEIGFRWFDP,human,1
flu_00126,GGSISSYY,,6,flu,influenza,ARDCSGFEDMDSFYYFMDV,influenza|ARDCSGFEDMDSFYYFMDV,human,1
flu_00129,GFTFSTYG,,0,flu,influenza,ARDSEGSGWYFDY,influenza|ARDSEGSGWYFDY,human,0
flu_00130,GFTFNIYA,,0,flu,influenza,ARAGLGTVDLRWGGAFDH,influenza|ARAGLGTVDLRWGGAFDH,human,0
flu_00131,GFTFSSYA,,6,flu,influenza,VNGGRAFGVVIKYYYYGMDV,influenza|VNGGRAFGVVIKYYYYGMDV,human,1
flu_00132,GDSINSGGYY,,0,flu,influenza,ARDRHDYGEDPFDI,influenza|ARDRHDYGEDPFDI,human,0
flu_00134,GFTFDDYA,,0,flu,influenza,ARSNGAGSYSES,influenza|ARSNGAGSYSES,human,0
flu_00135,GGTSNNYP,,5,flu,influenza,ATSAGGIVNYFLLFDI,influenza|ATSAGGIVNYFLLFDI,human,1
flu_00136,GMTSNSLA,,5,flu,influenza,ATSAGGIVNYYLSFNI,influenza|ATSAGGIVNYYLSFNI,human,1
flu_00137,GGSVNSGGYY,,4,flu,influenza,ARVNIYLVTVEEYHYGMDV,influenza|ARVNIYLVTVEEYHYGMDV,human,1
flu_00138,GYSFTSYW,,0,flu,influenza,ARPKYSSSSYSGFDV,influenza|ARPKYSSSSYSGFDV,human,0
flu_00143,GLNFISYA,,5,flu,influenza,AKHVTGYYLSGGEGGGGTLDV,influenza|AKHVTGYYLSGGEGGGGTLDV,human,1
flu_00146,GFTFNIDA,,6,flu,influenza,AREPYNDGYFES,influenza|AREPYNDGYFES,human,1
flu_00147,GGSFGGYY,,6,flu,influenza,ARGRGGYATYYYYYYVDV,influenza|ARGRGGYATYYYYYYVDV,human,1
flu_00148,GFRFSDHY,,5,flu,influenza,TRDFLEWSRPYYYHFMDV,influenza|TRDFLEWSRPYYYHFMDV,human,1
flu_00149,GGTFRNFA,,5,flu,influenza,ASSSGSYYGDYFDY,influenza|ASSSGSYYGDYFDY,human,1
flu_00151,GATFSSLG,,6,flu,influenza,ARKDAGSAYKSFDV,influenza|ARKDAGSAYKSFDV,human,1
flu_00152,GGIFRSNA,,6,flu,influenza,ARGPYYYGNSHLDF,influenza|ARGPYYYGNSHLDF,human,1
flu_00158,GGTFSTYT,,5,flu,influenza,ARGRTSGSQDRLPLLWGLSGFDI,influenza|ARGRTSGSQDRLPLLWGLSGFDI,human,1
flu_00159,GFTFINHA,,5,flu,influenza,VKAAKRSYYYYYYMDV,influenza|VKAAKRSYYYYYYMDV,human,1
flu_00161,GFTFSSHA,,0,flu,influenza,ARSATRSYYHYYYMDV,influenza|ARSATRSYYHYYYMDV,human,0
flu_00162,GGSISSYY,,6,flu,influenza,ARHILYNPAYSSGWTPGFDP,influenza|ARHILYNPAYSSGWTPGFDP,human,1
flu_00163,RSSISGHY,,4,flu,influenza,ARDFRERLGHRWEQAFDY,influenza|ARDFRERLGHRWEQAFDY,human,1
flu_00164,GTSITTHY,,5,flu,influenza,ARDFRERLGHRWEQAFDF,influenza|ARDFRERLGHRWEQAFDF,human,1
flu_00166,GGTFSTYA,,5,flu,influenza,AREGAIDDPQAGYHYYNGIDV,influenza|AREGAIDDPQAGYHYYNGIDV,human,1
flu_00167,GFTFRDFA,,0,flu,influenza,AKDRGSGTYENWFNP,influenza|AKDRGSGTYENWFNP,human,0
flu_00168,GFTFSSYG,,5,flu,influenza,ARAAWSRIAVATGAFDI,influenza|ARAAWSRIAVATGAFDI,human,1
flu_00170,GFTFDDYA,,0,flu,influenza,VTANGAGSYSVY,influenza|VTANGAGSYSVY,human,0
flu_00179,SGSISSGDSY,,6,flu,influenza,ARGVDYDILTRFSFGFDF,influenza|ARGVDYDILTRFSFGFDF,human,1
flu_00180,GFTITPYT,,0,flu,influenza,ARGYGSGKSHYYFDY,influenza|ARGYGSGKSHYYFDY,human,0
flu_00182,GGSITNYC,,0,flu,influenza,ARESSGYTQKNAYDY,influenza|ARESSGYTQKNAYDY,human,0
flu_00183,GFNFRDSA,,0,flu,influenza,AKGRYSMSRVVIILDYYYGMHV,influenza|AKGRYSMSRVVIILDYYYGMHV,human,0
flu_00184,GFSFNSYG,,0,flu,influenza,AKERSLGGVWSSGWSNYYYYGMDV,influenza|AKERSLGGVWSSGWSNYYYYGMDV,human,0
flu_00185,GFPLSNAG,,0,flu,influenza,TTDLDVVSWWEPPQGENY,influenza|TTDLDVVSWWEPPQGENY,human,0
flu_00186,GFIFSSNG,,0,flu,influenza,AKSGRGLGYDSSGHYYYYAMDV,influenza|AKSGRGLGYDSSGHYYYYAMDV,human,0
flu_00187,GGSINGYY,,0,flu,influenza,ARWFREALFGQDHDAFDI,influenza|ARWFREALFGQDHDAFDI,human,0
flu_00188,GASVSRHH,,0,flu,influenza,ARWFREVLTADESDAFDI,influenza|ARWFREVLTADESDAFDI,human,0
flu_00190,GFTFDDYA,,0,flu,influenza,AKDLRSQSPYASMDLLEGDGMDV,influenza|AKDLRSQSPYASMDLLEGDGMDV,human,0
flu_00191,GFTFAEYD,,0,flu,influenza,ARYRPCGGACYYFDY,influenza|ARYRPCGGACYYFDY,human,0
flu_00193,GFTFRNAW,,0,flu,influenza,TRTYGDYAPYYYAMDV,influenza|TRTYGDYAPYYYAMDV,human,0
flu_00194,GFTFDDYT,,0,flu,influenza,ARGRYYFDNTGYYPSFDS,influenza|ARGRYYFDNTGYYPSFDS,human,0
flu_00195,GFTFEEYT,,6,flu,influenza,AKGAYYYDNTGYFPYLDS,influenza|AKGAYYYDNTGYFPYLDS,human,1
flu_00198,GFTLDDYT,,0,flu,influenza,AKGAYYSDNTGYYPYFDS,influenza|AKGAYYSDNTGYYPYFDS,human,0
flu_00199,GFTFSSYG,,0,flu,influenza,AKGRRGPFEDGWFDT,influenza|AKGRRGPFEDGWFDT,human,0
flu_00201,GFTFSDFE,,0,flu,influenza,VRDHVELATDHSEFDY,influenza|VRDHVELATDHSEFDY,human,0
flu_00202,GFTFGSYG,,0,flu,influenza,ARVFQSYGMDV,influenza|ARVFQSYGMDV,human,0
flu_00204,GFTFSDHY,,0,flu,influenza,TRLAYSSGWYWFDP,influenza|TRLAYSSGWYWFDP,human,0
flu_00205,GFTFDDYD,,0,flu,influenza,ARRRSCGGACYYFDY,influenza|ARRRSCGGACYYFDY,human,0
flu_00206,GYTFTDYD,,0,flu,influenza,ARLRSCGGDCYYFDY,influenza|ARLRSCGGDCYYFDY,human,0
flu_00207,GFTFDDYA,,0,flu,influenza,AKDAGIYSGGWYYFHY,influenza|AKDAGIYSGGWYYFHY,human,0
flu_00208,RGSVSSGSYH,,0,flu,influenza,ATPDSGYDSGMFHN,influenza|ATPDSGYDSGMFHN,human,0
flu_00209,GFTFSNYW,,0,flu,influenza,VRDFSDYAATPLDY,influenza|VRDFSDYAATPLDY,human,0
flu_00210,GGSLSGFY,,0,flu,influenza,ARGPAYDNDASFMYYFDL,influenza|ARGPAYDNDASFMYYFDL,human,0
flu_00211,DDSISGHY,,4,flu,influenza,ARHHSDSGGLPMSFAY,influenza|ARHHSDSGGLPMSFAY,human,1
flu_00213,GFSLSNIIMG,,6,flu,influenza,TRIRWDCGGDCYWTHDF,influenza|TRIRWDCGGDCYWTHDF,human,1
flu_00214,RGSVSSGSYH,,0,flu,influenza,ATPDSGYDSGMFHN,influenza|ATPDSGYDSGMFHN,human,0
flu_00215,GFYFSSYW,,0,flu,influenza,AREAGGDYYLDS,influenza|AREAGGDYYLDS,human,0
flu_00218,GFVFSTYE,,0,flu,influenza,ARDHHGDYFFDY,influenza|ARDHHGDYFFDY,human,0
flu_00219,GYSISSGYY,,5,flu,influenza,ARVRGHGLIGLDFGTIAAPHPFDY,influenza|ARVRGHGLIGLDFGTIAAPHPFDY,human,1
flu_00222,GFIFSSYE,,0,flu,influenza,ARDSFGDYFFDN,influenza|ARDSFGDYFFDN,human,0
flu_00223,GYNFTGHW,,4,flu,influenza,ARLLSGTFDS,influenza|ARLLSGTFDS,human,1
flu_00225,GFTFSDYY,,0,flu,influenza,ARALRYCSSNSCPESYYYYYGMDV,influenza|ARALRYCSSNSCPESYYYYYGMDV,human,0
flu_00227,GDSVTSSASY,,0,flu,influenza,ARGGLSDFVVPLDS,influenza|ARGGLSDFVVPLDS,human,0
flu_00228,GFSFSVYA,,6,flu,influenza,AKDRVVPTPLHGYLDS,influenza|AKDRVVPTPLHGYLDS,human,1
flu_00229,GFTFSSYA,,0,flu,influenza,AKDYSRTIPLAGFLDQ,influenza|AKDYSRTIPLAGFLDQ,human,0
flu_00230,GFTFGYYA,,0,flu,influenza,TRDPLAAGGVLFDY,influenza|TRDPLAAGGVLFDY,human,0
flu_00231,GASFTSGTYY,,4,flu,influenza,AKNIALFDSYLY,influenza|AKNIALFDSYLY,human,1
flu_00232,GGSISSSSHY,,6,flu,influenza,VGSQAIDAFDF,influenza|VGSQAIDAFDF,human,1
flu_00233,GYTFADYY,,5,flu,influenza,ARDLGDTTTSDY,influenza|ARDLGDTTTSDY,human,1
flu_00234,GFSLSTSGMC,,5,flu,influenza,ARMLYGDSVNCLDP,influenza|ARMLYGDSVNCLDP,human,1
flu_00235,GFSFSAYA,,5,flu,influenza,AKDRVVPTALHGYLDS,influenza|AKDRVVPTALHGYLDS,human,1
flu_00236,GGSLSSSSYY,,0,flu,influenza,EGGSGLDAFAI,influenza|EGGSGLDAFAI,human,0
flu_00237,GFTFSSFP,,0,flu,influenza,SRDQGGDYGDYGGGFDY,influenza|SRDQGGDYGDYGGGFDY,human,0
flu_00238,GFTFSDFW,,6,flu,influenza,ARIPGYHDAFDI,influenza|ARIPGYHDAFDI,human,1
flu_00240,GFTFSNYW,,0,flu,influenza,AREPYFPLYFDY,influenza|AREPYFPLYFDY,human,0
flu_00242,GFIFNDFG,,0,flu,influenza,ARESGDVATAMDYYYYYYLDV,influenza|ARESGDVATAMDYYYYYYLDV,human,0
flu_00244,GFTFDDYA,,0,flu,influenza,AKEGHSDNCLDCDYFYYMDA,influenza|AKEGHSDNCLDCDYFYYMDA,human,0
flu_00245,GFIFNDFG,,0,flu,influenza,ARESGSDVATAMDYYYYYYLDV,influenza|ARESGSDVATAMDYYYYYYLDV,human,0
flu_00246,GFTFDDYG,,0,flu,influenza,AKDFADYSNSGHFDS,influenza|AKDFADYSNSGHFDS,human,0
flu_00248,GFTFDEYA,,0,flu,influenza,AKAVEPAAMDIVDYFEY,influenza|AKAVEPAAMDIVDYFEY,human,0
flu_00249,GFIFNDYG,,0,flu,influenza,ARESGSDVATAMDYYYYYYMDV,influenza|ARESGSDVATAMDYYYYYYMDV,human,0
flu_00253,GFIFNDYG,,0,flu,influenza,ARESGSDVATAMDYYYYYYMDV,influenza|ARESGSDVATAMDYYYYYYMDV,human,0
flu_00254,GFSFTTYA,,0,flu,influenza,ARFAYCSGDCYKASYYGLDV,influenza|ARFAYCSGDCYKASYYGLDV,human,0
flu_00256,GGTFANSP,,5,flu,influenza,ARDQLSSFDSYYYYYGMDV,influenza|ARDQLSSFDSYYYYYGMDV,human,1
flu_00258,GYNFTNFW,,5,flu,influenza,ARPGVGPPSDY,influenza|ARPGVGPPSDY,human,1
flu_00260,GFTFEDHA,,6,flu,influenza,AKDIRRGCSGVNCYSYYYYYYGLDV,influenza|AKDIRRGCSGVNCYSYYYYYYGLDV,human,1
flu_00261,GFNFEDHA,,0,flu,influenza,AKDIRRGCDGVNCYSYYYYYYGLDA,influenza|AKDIRRGCDGVNCYSYYYYYYGLDA,human,0
flu_00262,GYSFSDYW,,6,flu,influenza,ARIRRDGYNLGLFDH,influenza|ARIRRDGYNLGLFDH,human,1
flu_00263,GFTANSNY,,0,flu,influenza,ARDNRREAY,influenza|ARDNRREAY,human,0
flu_00264,DGSIRSYY,,5,flu,influenza,ARVQTIFGVARHYFDY,influenza|ARVQTIFGVARHYFDY,human,1
flu_00269,GLTFSSYG,,5,flu,influenza,AKDRLWEQWLDPLDS,influenza|AKDRLWEQWLDPLDS,human,1
flu_00271,TFTLSTSA,,4,flu,influenza,AKDWSQYYYHGSADNTRDY,influenza|AKDWSQYYYHGSADNTRDY,human,1
flu_00272,GFTFSHAW,,0,flu,influenza,TTRSDYYDTSDYSFFDR,influenza|TTRSDYYDTSDYSFFDR,human,0
flu_00275,GFIFDTNA,,0,flu,influenza,AKRSTYYLDRNGPNDAFDI,influenza|AKRSTYYLDRNGPNDAFDI,human,0
flu_00277,GFTFDSYW,,0,flu,influenza,ARAYDTTGYYNNWDIFDI,influenza|ARAYDTTGYYNNWDIFDI,human,0
flu_00282,GDSFSDYY,,0,flu,influenza,ARGVLGELTAIHFDY,influenza|ARGVLGELTAIHFDY,human,0
flu_00284,GGSIRMTTHY,,0,flu,influenza,ARAYGVLRYFDWQPSNYYFDF,influenza|ARAYGVLRYFDWQPSNYYFDF,human,0
flu_00285,GGSISSYL,,0,flu,influenza,ARADYDVEGYFGMDV,influenza|ARADYDVEGYFGMDV,human,0
flu_00292,GFTFDDYS,,4,flu,influenza,TKDISSSWYGTQYSSGLYGMDV,influenza|TKDISSSWYGTQYSSGLYGMDV,human,1
flu_00302,GFTFDDYA,,0,flu,influenza,VKDHWTDN,influenza|VKDHWTDN,human,0
flu_00303,GFIFSNFP,,0,flu,influenza,AKGSAKFKSQQFLARSGYTQRSHFDF,influenza|AKGSAKFKSQQFLARSGYTQRSHFDF,human,0
flu_00306,GFTLTNYA,,4,flu,influenza,AKDAIAGRVWLQGAFDS,influenza|AKDAIAGRVWLQGAFDS,human,1
flu_00309,GFSFSSYA,,4,flu,influenza,GKSIENMVRGLLITSFAYYFAVDV,influenza|GKSIENMVRGLLITSFAYYFAVDV,human,1
flu_00311,GDSVSSAGHY,,5,flu,influenza,ARLWAGIVGPTPPFFDY,influenza|ARLWAGIVGPTPPFFDY,human,1
flu_00316,GFSFSSYA,,6,flu,influenza,GKSIENMVRGLLITSFAYYFAMDV,influenza|GKSIENMVRGLLITSFAYYFAMDV,human,1
flu_00318,GFTFSKYA,,6,flu,influenza,AKDAISGQIWLQGTFDY,influenza|AKDAISGQIWLQGTFDY,human,1
flu_00320,GYSLSNGYY,,6,flu,influenza,TRIYMVRDLEIYYFDS,influenza|TRIYMVRDLEIYYFDS,human,1
flu_00321,GYSISNGYY,,6,flu,influenza,TRIYMVRDLEIYYFDS,influenza|TRIYMVRDLEIYYFDS,human,1
flu_00322,GYSISSFYY,,6,flu,influenza,ARIYMVRDLEIYYFDS,influenza|ARIYMVRDLEIYYFDS,human,1
flu_00323,GLTFSNVW,,0,flu,influenza,AAEDFGDYYFDY,influenza|AAEDFGDYYFDY,human,0
flu_00324,GFTFSDYN,,0,flu,influenza,ARHRPGGDYYYYGMDV,influenza|ARHRPGGDYYYYGMDV,human,0
flu_00326,GYNFTNYW,,0,flu,influenza,ARLLYGSVDF,influenza|ARLLYGSVDF,human,0
flu_00327,GYSISNGYY,,6,flu,influenza,ARIYMVRDLEIYYFDS,influenza|ARIYMVRDLEIYYFDS,human,1
flu_00331,GFTFNTYA,,4,flu,influenza,SREYYDTLTGPEDYDYGMDV,influenza|SREYYDTLTGPEDYDYGMDV,human,1
flu_00339,GFTFNAYG,,0,flu,influenza,AKEYAIRYADAFDF,influenza|AKEYAIRYADAFDF,human,0
flu_00348,GFSFDDYA,,0,flu,influenza,AKGYGSGNHYPLAPTLDY,influenza|AKGYGSGNHYPLAPTLDY,human,0
flu_00352,GFNFDDYA,,0,flu,influenza,AKGYGSGSSYPLAPTLDY,influenza|AKGYGSGSSYPLAPTLDY,human,0
flu_00353,GFTFDDYA,,0,flu,influenza,AKGYGSGNSYPLAPTLDY,influenza|AKGYGSGNSYPLAPTLDY,human,0
flu_00354,GFTFDDYA,,0,flu,influenza,AKGYGSGNSYPLAPTLDY,influenza|AKGYGSGNSYPLAPTLDY,human,0
flu_00355,GFTFSNYG,,0,flu,influenza,AKTTVTTDFYYYYGMDV,influenza|AKTTVTTDFYYYYGMDV,human,0
flu_00357,GFSFDDYA,,0,flu,influenza,AKGYGSGNHYHLAPTLDY,influenza|AKGYGSGNHYHLAPTLDY,human,0
flu_00359,GFTFDDYA,,0,flu,influenza,AKGYGSGNYYPLAPTLDY,influenza|AKGYGSGNYYPLAPTLDY,human,0
flu_00361,GFTFSSYG,,0,flu,influenza,AKATVTTDFSYYYGMDV,influenza|AKATVTTDFSYYYGMDV,human,0
flu_00363,GGSIRSYY,,0,flu,influenza,AGRSATVLADSDY,influenza|AGRSATVLADSDY,human,0
flu_00366,GGSITRSGFY,,0,flu,influenza,ARLAGAATSIEDITHYNHYGMDV,influenza|ARLAGAATSIEDITHYNHYGMDV,human,0
flu_00369,GGSFSGYY,,0,flu,influenza,ARGPAYDSNAYFLYYFDY,influenza|ARGPAYDSNAYFLYYFDY,human,0
flu_00371,GFTFRNYE,,0,flu,influenza,ARGNQEGVGELSSQGVFDN,influenza|ARGNQEGVGELSSQGVFDN,human,0
flu_00372,NYSLTSGYY,,0,flu,influenza,ASRWASTKYFNF,influenza|ASRWASTKYFNF,human,0
flu_00375,GFTFNTHS,,5,flu,influenza,ARDGANNSGFD,influenza|ARDGANNSGFD,human,1
flu_00376,GFTFSTYA,,6,flu,influenza,AKEGGDFWSGYYANWFDP,influenza|AKEGGDFWSGYYANWFDP,human,1
flu_00377,GYSISSAYY,,0,flu,influenza,ARIYMVRDLEIYYFDS,influenza|ARIYMVRDLEIYYFDS,human,0
gut_hiv_00024,GFSFSSYA,,0,gut_hiv,hiv,TKGPYSSSSHWSDP,hiv|TKGPYSSSSHWSDP,human,0
gut_hiv_00029,GFTFSSNI,,0,gut_hiv,hiv,ARASGGKYCTSTS,hiv|ARASGGKYCTSTS,human,0
mouse_iga_00000,GYSITSDY,,0,mouse_iga,mouse_iga,ARRGYYYGSFDY,mouse_iga|ARRGYYYGSFDY,mouse,0
mouse_iga_00001,GYTFTSYW,,0,mouse_iga,mouse_iga,AIDYDQAMDY,mouse_iga|AIDYDQAMDY,mouse,0
mouse_iga_00002,GYAFSSYW,,0,mouse_iga,mouse_iga,ARVREIYDGYYFDY,mouse_iga|ARVREIYDGYYFDY,mouse,0
mouse_iga_00003,GYSITSGYY,,0,mouse_iga,mouse_iga,ARFYGNYEDYYAMDY,mouse_iga|ARFYGNYEDYYAMDY,mouse,0
mouse_iga_00004,GFTFTDYY,,0,mouse_iga,mouse_iga,ARLDSSGYDYAMDY,mouse_iga|ARLDSSGYDYAMDY,mouse,0
mouse_iga_00005,GYTFTEYT,,0,mouse_iga,mouse_iga,ARHEEEELTAYFDY,mouse_iga|ARHEEEELTAYFDY,mouse,0
mouse_iga_00006,GFTFSSYG,,0,mouse_iga,mouse_iga,ARQEGNSGEYYFDY,mouse_iga|ARQEGNSGEYYFDY,mouse,0
mouse_iga_00007,GFTFSSYA,,7,mouse_iga,mouse_iga,ARSFITTVVANWYFDV,mouse_iga|ARSFITTVVANWYFDV,mouse,1
mouse_iga_00008,GFTFSDYG,,0,mouse_iga,mouse_iga,ARVYYYGSSNAMDY,mouse_iga|ARVYYYGSSNAMDY,mouse,0
mouse_iga_00009,GFNIKDYY,,7,mouse_iga,mouse_iga,ARDGSSYRAMDY,mouse_iga|ARDGSSYRAMDY,mouse,1
mouse_iga_00010,GFTFSDYG,,0,mouse_iga,mouse_iga,ARGTTKDY,mouse_iga|ARGTTKDY,mouse,0
mouse_iga_00011,GFTFSSYG,,0,mouse_iga,mouse_iga,ARHATSYAMDY,mouse_iga|ARHATSYAMDY,mouse,0
mouse_iga_00012,GYTFTDYN,,0,mouse_iga,mouse_iga,ARGGDYDDDAMDY,mouse_iga|ARGGDYDDDAMDY,mouse,0
mouse_iga_00013,GFTFSDYG,,0,mouse_iga,mouse_iga,ARGDGYLYYYAMDY,mouse_iga|ARGDGYLYYYAMDY,mouse,0
mouse_iga_00014,GFTFSSYG,,0,mouse_iga,mouse_iga,ARHQANDYFDY,mouse_iga|ARHQANDYFDY,mouse,0
mouse_iga_00015,GYTFTDYY,,0,mouse_iga,mouse_iga,ARSSVVAHWYFDV,mouse_iga|ARSSVVAHWYFDV,mouse,0
mouse_iga_00016,GFTFSSYG,,0,mouse_iga,mouse_iga,ARQITTVVDYFDY,mouse_iga|ARQITTVVDYFDY,mouse,0
mouse_iga_00017,GFNIKNTY,,7,mouse_iga,mouse_iga,ARRGTRRSYWYFDV,mouse_iga|ARRGTRRSYWYFDV,mouse,1
mouse_iga_00018,GYTFTDYN,,0,mouse_iga,mouse_iga,ARNDYGRHFDY,mouse_iga|ARNDYGRHFDY,mouse,0
mouse_iga_00019,GFTFSSYA,,0,mouse_iga,mouse_iga,ARSGIYYDYEDYYAMDY,mouse_iga|ARSGIYYDYEDYYAMDY,mouse,0
mouse_iga_00020,GYSFTDYN,,7,mouse_iga,mouse_iga,ARDYYGSSYVRNFDY,mouse_iga|ARDYYGSSYVRNFDY,mouse,1
mouse_iga_00021,GYSFTSYY,,0,mouse_iga,mouse_iga,ARSDYGSTYGTYWYFDV,mouse_iga|ARSDYGSTYGTYWYFDV,mouse,0
mouse_iga_00022,GFTFSDYG,,0,mouse_iga,mouse_iga,AIYGSSPYYAMDY,mouse_iga|AIYGSSPYYAMDY,mouse,0
mouse_iga_00023,GYSITSGYY,,7,mouse_iga,mouse_iga,ARRVVAHDY,mouse_iga|ARRVVAHDY,mouse,1
mouse_iga_00024,GYTFTSYG,,7,mouse_iga,mouse_iga,ARSGDGYYRYFDV,mouse_iga|ARSGDGYYRYFDV,mouse,1
mouse_iga_00025,GFSFNTYA,,0,mouse_iga,mouse_iga,VRQGGLLSHYYAMDY,mouse_iga|VRQGGLLSHYYAMDY,mouse,0
mouse_iga_00026,GFTFSDYG,,0,mouse_iga,mouse_iga,ARRSSGYVMRVMDY,mouse_iga|ARRSSGYVMRVMDY,mouse,0
mouse_iga_00027,GFTFSSYA,,0,mouse_iga,mouse_iga,ARGGAVVARGYYYAMDY,mouse_iga|ARGGAVVARGYYYAMDY,mouse,0
mouse_iga_00028,GFTFSSYG,,0,mouse_iga,mouse_iga,ARHEERGPYFDY,mouse_iga|ARHEERGPYFDY,mouse,0
mouse_iga_00029,GYTFTDYN,,0,mouse_iga,mouse_iga,ARFYYYGSSSYFDY,mouse_iga|ARFYYYGSSSYFDY,mouse,0
mouse_iga_00030,GFTFSDYG,,0,mouse_iga,mouse_iga,AKSSNWAYFDY,mouse_iga|AKSSNWAYFDY,mouse,0
mouse_iga_00031,GFNIKNTY,,7,mouse_iga,mouse_iga,ARPFDY,mouse_iga|ARPFDY,mouse,1
mouse_iga_00032,GFNIKDDY,,7,mouse_iga,mouse_iga,TTDYGSRGFAY,mouse_iga|TTDYGSRGFAY,mouse,1
mouse_iga_00033,GYSITSGYY,,0,mouse_iga,mouse_iga,AREGGYYGGFDY,mouse_iga|AREGGYYGGFDY,mouse,0
mouse_iga_00034,GYSITNGNHW,,0,mouse_iga,mouse_iga,ARGLVYWYFDV,mouse_iga|ARGLVYWYFDV,mouse,0
mouse_iga_00035,GFTFSSYA,,0,mouse_iga,mouse_iga,ARAGTDY,mouse_iga|ARAGTDY,mouse,0
mouse_iga_00036,GFTFSDAW,,7,mouse_iga,mouse_iga,TGGLGDY,mouse_iga|TGGLGDY,mouse,1
mouse_iga_00037,GFTFSSYA,,0,mouse_iga,mouse_iga,ARRDYDDAMDY,mouse_iga|ARRDYDDAMDY,mouse,0
mouse_iga_00039,GFTFSSYG,,0,mouse_iga,mouse_iga,ARYYGGDFDY,mouse_iga|ARYYGGDFDY,mouse,0
mouse_iga_00041,GYSITSGYY,,7,mouse_iga,mouse_iga,ARGLWDYAMDY,mouse_iga|ARGLWDYAMDY,mouse,1
mouse_iga_00042,GFTFSNYW,,0,mouse_iga,mouse_iga,TGYYDYDFDY,mouse_iga|TGYYDYDFDY,mouse,0
mouse_iga_00043,GFTFSSYA,,0,mouse_iga,mouse_iga,ARDSDGYPFDY,mouse_iga|ARDSDGYPFDY,mouse,0
mouse_iga_00044,GYTFTDYY,,0,mouse_iga,mouse_iga,ARHGNWYFDV,mouse_iga|ARHGNWYFDV,mouse,0
mouse_iga_00045,GFTFSSYG,,7,mouse_iga,mouse_iga,ARRGFYFDY,mouse_iga|ARRGFYFDY,mouse,1
mouse_iga_00046,GYTFTDYY,,7,mouse_iga,mouse_iga,ARSDGYYWYFDV,mouse_iga|ARSDGYYWYFDV,mouse,1
mouse_iga_00047,GFTFNTYA,,0,mouse_iga,mouse_iga,VRGNLLLRWYFDV,mouse_iga|VRGNLLLRWYFDV,mouse,0
mouse_iga_00048,GFTFSSYA,,0,mouse_iga,mouse_iga,AREGSNPYFDY,mouse_iga|AREGSNPYFDY,mouse,0
mouse_iga_00049,GYTFTEYT,,0,mouse_iga,mouse_iga,ARHELGQYYFDY,mouse_iga|ARHELGQYYFDY,mouse,0
mouse_iga_00050,GYSITSGYD,,7,mouse_iga,mouse_iga,ARGETGYYAMDY,mouse_iga|ARGETGYYAMDY,mouse,1
mouse_iga_00051,GYSFTGYY,,0,mouse_iga,mouse_iga,ARGDGNYPYWYFDV,mouse_iga|ARGDGNYPYWYFDV,mouse,0
mouse_iga_00052,GYSITSDY,,7,mouse_iga,mouse_iga,ARCPLYYYGSSPYAMDY,mouse_iga|ARCPLYYYGSSPYAMDY,mouse,1
mouse_iga_00053,GYSITSDY,,0,mouse_iga,mouse_iga,ARDGSGYFDV,mouse_iga|ARDGSGYFDV,mouse,0
mouse_iga_00054,GFTFSDYG,,0,mouse_iga,mouse_iga,ASGANWGFFDY,mouse_iga|ASGANWGFFDY,mouse,0
mouse_iga_00055,GFTFSSYA,,7,mouse_iga,mouse_iga,ARGTGLYYFDY,mouse_iga|ARGTGLYYFDY,mouse,1
mouse_iga_00056,GYSITSDY,,7,mouse_iga,mouse_iga,ARYGSSGYYWYFDV,mouse_iga|ARYGSSGYYWYFDV,mouse,1
mouse_iga_00057,GFTFSSYA,,0,mouse_iga,mouse_iga,ARDRDDYDYFDY,mouse_iga|ARDRDDYDYFDY,mouse,0
mouse_iga_00058,GFTFSDYG,,0,mouse_iga,mouse_iga,ARGYGSSPYYAMDY,mouse_iga|ARGYGSSPYYAMDY,mouse,0
mouse_iga_00059,GFTFSDYG,,7,mouse_iga,mouse_iga,ARPYGDY,mouse_iga|ARPYGDY,mouse,1
mouse_iga_00060,GFTFSDYG,,0,mouse_iga,mouse_iga,ARPGGNYGYAMDY,mouse_iga|ARPGGNYGYAMDY,mouse,0
mouse_iga_00061,GFTFSSYA,,0,mouse_iga,mouse_iga,ARLGTTVVENFDV,mouse_iga|ARLGTTVVENFDV,mouse,0
mouse_iga_00062,GFTFSSYA,,0,mouse_iga,mouse_iga,ARVHYGDYFDY,mouse_iga|ARVHYGDYFDY,mouse,0
mouse_iga_00063,GFTFSSYG,,7,mouse_iga,mouse_iga,ARHYYYGSSYYAMDY,mouse_iga|ARHYYYGSSYYAMDY,mouse,1
mouse_iga_00064,GFTFSSYA,,0,mouse_iga,mouse_iga,ARRNYDWYYFDY,mouse_iga|ARRNYDWYYFDY,mouse,0
mouse_iga_00065,GYTFTDYN,,0,mouse_iga,mouse_iga,ARRDYGNDY,mouse_iga|ARRDYGNDY,mouse,0
mouse_iga_00066,GFTFSSYA,,0,mouse_iga,mouse_iga,ARGGSSSDY,mouse_iga|ARGGSSSDY,mouse,0
mouse_iga_00067,GFTFSSYA,,7,mouse_iga,mouse_iga,AREDY,mouse_iga|AREDY,mouse,1
mouse_iga_00068,GFTFSSYG,,0,mouse_iga,mouse_iga,ARRGGSSYEGWYFDV,mouse_iga|ARRGGSSYEGWYFDV,mouse,0
mouse_iga_00070,GYSFTSYY,,7,mouse_iga,mouse_iga,ARRAGYFDV,mouse_iga|ARRAGYFDV,mouse,1
mouse_iga_00071,GFTFSDYG,,0,mouse_iga,mouse_iga,ARGGPYYYGSSYAMDY,mouse_iga|ARGGPYYYGSSYAMDY,mouse,0
mouse_iga_00072,GYSFTSYY,,7,mouse_iga,mouse_iga,ARGGSSYGYFDV,mouse_iga|ARGGSSYGYFDV,mouse,1
mouse_iga_00073,GFTFSSYA,,0,mouse_iga,mouse_iga,ARERDAYWYFDV,mouse_iga|ARERDAYWYFDV,mouse,0
mouse_iga_00074,GFTFSSYA,,0,mouse_iga,mouse_iga,ANWDY,mouse_iga|ANWDY,mouse,0
mouse_iga_00075,GYSITSGYD,,7,mouse_iga,mouse_iga,ARAPLTGTFDY,mouse_iga|ARAPLTGTFDY,mouse,1
mouse_iga_00076,GFTFSDYG,,0,mouse_iga,mouse_iga,ARRGVTTVVATRAMDY,mouse_iga|ARRGVTTVVATRAMDY,mouse,0
mouse_iga_00077,GFTFNTYA,,7,mouse_iga,mouse_iga,VSRTYAMDY,mouse_iga|VSRTYAMDY,mouse,1
mouse_iga_00078,GYAFSSYW,,0,mouse_iga,mouse_iga,ARAYGSSFDY,mouse_iga|ARAYGSSFDY,mouse,0
mouse_iga_00079,GFTFSSYA,,0,mouse_iga,mouse_iga,ARDGYGNDWYFDV,mouse_iga|ARDGYGNDWYFDV,mouse,0
mouse_iga_00080,GFTFSSYA,,7,mouse_iga,mouse_iga,ASLYSNYGYWYFDV,mouse_iga|ASLYSNYGYWYFDV,mouse,1
mouse_iga_00081,GYTFTSYD,,0,mouse_iga,mouse_iga,ARSYYYGSSPYWYFDV,mouse_iga|ARSYYYGSSPYWYFDV,mouse,0
mouse_iga_00082,GYTFTSYG,,0,mouse_iga,mouse_iga,ARGTEGFDY,mouse_iga|ARGTEGFDY,mouse,0
mouse_iga_00083,GFTFSSYG,,0,mouse_iga,mouse_iga,ARREDLVKDFDY,mouse_iga|ARREDLVKDFDY,mouse,0
mouse_iga_00084,GFTFSDYG,,0,mouse_iga,mouse_iga,ASFELGREGYFDV,mouse_iga|ASFELGREGYFDV,mouse,0
mouse_iga_00085,GFTFSSYG,,7,mouse_iga,mouse_iga,ARRRDGGWYFDV,mouse_iga|ARRRDGGWYFDV,mouse,1
mouse_iga_00086,GFTFSDYG,,0,mouse_iga,mouse_iga,ARQNNYVAPFDY,mouse_iga|ARQNNYVAPFDY,mouse,0
mouse_iga_00087,GFTFSDYG,,0,mouse_iga,mouse_iga,ARNDYDVRYAMDY,mouse_iga|ARNDYDVRYAMDY,mouse,0
mouse_iga_00088,GFTFSSYA,,0,mouse_iga,mouse_iga,ARDNWDQYYFDY,mouse_iga|ARDNWDQYYFDY,mouse,0
mouse_iga_00089,GYSFTDYN,,0,mouse_iga,mouse_iga,ARSYYGSHWYFDV,mouse_iga|ARSYYGSHWYFDV,mouse,0
mouse_iga_00090,GYAFSSSW,,7,mouse_iga,mouse_iga,ARRGRTYYFDY,mouse_iga|ARRGRTYYFDY,mouse,1
mouse_iga_00092,GFTFSDYG,,7,mouse_iga,mouse_iga,ARGLWGFDY,mouse_iga|ARGLWGFDY,mouse,1
mouse_iga_00093,GFTFSSYG,,7,mouse_iga,mouse_iga,ARQRQLGRGDFDY,mouse_iga|ARQRQLGRGDFDY,mouse,1
mouse_iga_00094,GFTFSGFW,,7,mouse_iga,mouse_iga,MRYGNYWYFDV,mouse_iga|MRYGNYWYFDV,mouse,1
mouse_iga_00095,GFTFSGFW,,0,mouse_iga,mouse_iga,MRYGSSWYFDV,mouse_iga|MRYGSSWYFDV,mouse,0
mouse_iga_00096,GYTFTDYE,,7,mouse_iga,mouse_iga,TREGGRTYYFDY,mouse_iga|TREGGRTYYFDY,mouse,1
mouse_iga_00097,GYSITSGYY,,7,mouse_iga,mouse_iga,ARADY,mouse_iga|ARADY,mouse,1
mouse_iga_00098,GFTFSDYG,,0,mouse_iga,mouse_iga,ARHDYDWYFDV,mouse_iga|ARHDYDWYFDV,mouse,0
mouse_iga_00100,GYTFTSYW,,0,mouse_iga,mouse_iga,ARNYDYFDY,mouse_iga|ARNYDYFDY,mouse,0
mouse_iga_00101,GFTFSDYG,,0,mouse_iga,mouse_iga,ARHAPNWYFDY,mouse_iga|ARHAPNWYFDY,mouse,0
mouse_iga_00102,GFTFSGFW,,0,mouse_iga,mouse_iga,MRYGSSYWYFDV,mouse_iga|MRYGSSYWYFDV,mouse,0
mouse_iga_00103,GFTFSGFW,,0,mouse_iga,mouse_iga,MRYSNYWYFDV,mouse_iga|MRYSNYWYFDV,mouse,0
mouse_iga_00104,GFTFSGFW,,0,mouse_iga,mouse_iga,MRYGSYWYFDV,mouse_iga|MRYGSYWYFDV,mouse,0
mouse_iga_00105,GYTFTGYW,,7,mouse_iga,mouse_iga,ASGYYAMDY,mouse_iga|ASGYYAMDY,mouse,1
mouse_iga_00106,GFTFSDYG,,0,mouse_iga,mouse_iga,ARDGYYYFDY,mouse_iga|ARDGYYYFDY,mouse,0
mouse_iga_00107,GFTFSSYG,,0,mouse_iga,mouse_iga,ARHYYGSSYFDV,mouse_iga|ARHYYGSSYFDV,mouse,0
mouse_iga_00108,GYSITSDY,,7,mouse_iga,mouse_iga,ARCPLYYYGSSPYAMDY,mouse_iga|ARCPLYYYGSSPYAMDY,mouse,1
mouse_iga_00109,GFTFSSYG,,0,mouse_iga,mouse_iga,ARHDY,mouse_iga|ARHDY,mouse,0
mouse_iga_00110,GFTFSDYG,,0,mouse_iga,mouse_iga,ARHGNYWYFDV,mouse_iga|ARHGNYWYFDV,mouse,0
mouse_iga_00111,GFTFSSYA,,0,mouse_iga,mouse_iga,ARDLGHY,mouse_iga|ARDLGHY,mouse,0
mouse_iga_00112,GFTFSSYG,,0,mouse_iga,mouse_iga,ARHYYGSSYVDY,mouse_iga|ARHYYGSSYVDY,mouse,0
mouse_iga_00113,GYTFTDYY,,0,mouse_iga,mouse_iga,ARDFDY,mouse_iga|ARDFDY,mouse,0
mouse_iga_00114,GYSITSDY,,7,mouse_iga,mouse_iga,ARSLSYYYGSSYSLYYAMDY,mouse_iga|ARSLSYYYGSSYSLYYAMDY,mouse,1
mouse_iga_00115,GFTFSSYG,,7,mouse_iga,mouse_iga,ARHGYDYAMDY,mouse_iga|ARHGYDYAMDY,mouse,1
mouse_iga_00116,GFTFSDYG,,0,mouse_iga,mouse_iga,ASLYYSNYYAMDY,mouse_iga|ASLYYSNYYAMDY,mouse,0
mouse_iga_00117,GFTFSSYA,,0,mouse_iga,mouse_iga,ARERDAYWYFDV,mouse_iga|ARERDAYWYFDV,mouse,0
mouse_iga_00118,GFTFSSYG,,7,mouse_iga,mouse_iga,ARHYYGSSYYFDY,mouse_iga|ARHYYGSSYYFDY,mouse,1
mouse_iga_00119,GFTFSSYA,,0,mouse_iga,mouse_iga,ARDNYGSSYYFDY,mouse_iga|ARDNYGSSYYFDY,mouse,0
mouse_iga_00120,GFSFNTYA,,0,mouse_iga,mouse_iga,VRHYYSNFDY,mouse_iga|VRHYYSNFDY,mouse,0
mouse_iga_00121,GFTFSDYG,,0,mouse_iga,mouse_iga,ATGYYFDY,mouse_iga|ATGYYFDY,mouse,0
mouse_iga_00122,GISITTGNYR,,7,mouse_iga,mouse_iga,ARYGNYFDV,mouse_iga|ARYGNYFDV,mouse,1
mouse_iga_00124,GYSITSDY,,7,mouse_iga,mouse_iga,ARYGSSYFDY,mouse_iga|ARYGSSYFDY,mouse,1
mouse_iga_00125,GYSITSDY,,0,mouse_iga,mouse_iga,ARYYGNYYAMDY,mouse_iga|ARYYGNYYAMDY,mouse,0
mouse_iga_00126,GFTFSDYG,,0,mouse_iga,mouse_iga,ARYDYDYAMDY,mouse_iga|ARYDYDYAMDY,mouse,0
mouse_iga_00127,GFTFSSYA,,0,mouse_iga,mouse_iga,ARDYYGSSYYFDY,mouse_iga|ARDYYGSSYYFDY,mouse,0
mouse_iga_00128,GFTFSSYG,,7,mouse_iga,mouse_iga,ARIYYYGSSYYFDY,mouse_iga|ARIYYYGSSYYFDY,mouse,1
mouse_iga_00129,GFNIKNTY,,0,mouse_iga,mouse_iga,ARGDYDY,mouse_iga|ARGDYDY,mouse,0
mouse_iga_00130,GFTFTDYY,,7,mouse_iga,mouse_iga,ARYNYSNYAMDY,mouse_iga|ARYNYSNYAMDY,mouse,1
mouse_iga_00131,GYSITSDY,,0,mouse_iga,mouse_iga,AREETGTNYFDY,mouse_iga|AREETGTNYFDY,mouse,0
mouse_iga_00132,GYAFTNYL,,0,mouse_iga,mouse_iga,ARWITTVVATEYFDV,mouse_iga|ARWITTVVATEYFDV,mouse,0
mouse_iga_00133,GYAFTNYL,,0,mouse_iga,mouse_iga,ARSEGYEGY,mouse_iga|ARSEGYEGY,mouse,0
mouse_iga_00134,GFTFSDYG,,0,mouse_iga,mouse_iga,ARTDYYAMDY,mouse_iga|ARTDYYAMDY,mouse,0
mouse_iga_00135,GYSITSGYD,,0,mouse_iga,mouse_iga,ARGGRYAMDY,mouse_iga|ARGGRYAMDY,mouse,0
mouse_iga_00136,GFTFTDYY,,0,mouse_iga,mouse_iga,ASNFDY,mouse_iga|ASNFDY,mouse,0
mouse_iga_00137,GFSLTSYG,,0,mouse_iga,mouse_iga,ASTNYDYDRFAY,mouse_iga|ASTNYDYDRFAY,mouse,0
mouse_iga_00138,GFTFSDYG,,0,mouse_iga,mouse_iga,ARHYGSSLYAMDY,mouse_iga|ARHYGSSLYAMDY,mouse,0
mouse_iga_00139,GFSFNTYA,,7,mouse_iga,mouse_iga,VRPKLGRGYFDV,mouse_iga|VRPKLGRGYFDV,mouse,1
mouse_iga_00140,GFTFSDYG,,0,mouse_iga,mouse_iga,ARPYYDGWYFDV,mouse_iga|ARPYYDGWYFDV,mouse,0
mouse_iga_00141,GFTFSDYG,,0,mouse_iga,mouse_iga,ARVYYDYDGYYAMDY,mouse_iga|ARVYYDYDGYYAMDY,mouse,0
mouse_iga_00142,GFNIKDYY,,7,mouse_iga,mouse_iga,ARQLDAMDY,mouse_iga|ARQLDAMDY,mouse,1
mouse_iga_00143,GYTFTDYN,,0,mouse_iga,mouse_iga,ARSYGSSYAMDY,mouse_iga|ARSYGSSYAMDY,mouse,0
mouse_iga_00144,GFTFSSYG,,7,mouse_iga,mouse_iga,ARDYGNYYAMDY,mouse_iga|ARDYGNYYAMDY,mouse,1
mouse_iga_00145,GFTFSDYG,,0,mouse_iga,mouse_iga,ARGNYAMDY,mouse_iga|ARGNYAMDY,mouse,0
mouse_iga_00146,GYTFTSYW,,7,mouse_iga,mouse_iga,ARSTTVVDFDY,mouse_iga|ARSTTVVDFDY,mouse,1
mouse_iga_00147,GFTFSSYG,,0,mouse_iga,mouse_iga,ARHHYDENWYFDV,mouse_iga|ARHHYDENWYFDV,mouse,0
mouse_iga_00148,GFTFSSYA,,0,mouse_iga,mouse_iga,ARDGNYAMDY,mouse_iga|ARDGNYAMDY,mouse,0
mouse_iga_00149,GFTFSSYG,,0,mouse_iga,mouse_iga,ARHFSYDGYYEGYFDV,mouse_iga|ARHFSYDGYYEGYFDV,mouse,0
mouse_iga_00150,GFTFSDYG,,0,mouse_iga,mouse_iga,ARGGTTVVAPRYFDV,mouse_iga|ARGGTTVVAPRYFDV,mouse,0
mouse_iga_00151,GFSLTSYG,,7,mouse_iga,mouse_iga,AKHARWLLPYYYAMDY,mouse_iga|AKHARWLLPYYYAMDY,mouse,1
mouse_iga_00152,GFSFNTYA,,0,mouse_iga,mouse_iga,VGGPYFDY,mouse_iga|VGGPYFDY,mouse,0
mouse_iga_00153,GFTFSDYG,,0,mouse_iga,mouse_iga,AYGNYYAMDY,mouse_iga|AYGNYYAMDY,mouse,0
mouse_iga_00154,GFTFSSYA,,0,mouse_iga,mouse_iga,ARDDGYFDY,mouse_iga|ARDDGYFDY,mouse,0
mouse_iga_00155,GFTFTDYY,,7,mouse_iga,mouse_iga,ARYKRYFDY,mouse_iga|ARYKRYFDY,mouse,1
mouse_iga_00156,GFTFSDYG,,0,mouse_iga,mouse_iga,ARGGYYPGWYFDV,mouse_iga|ARGGYYPGWYFDV,mouse,0
mouse_iga_00157,GYKFTNYH,,7,mouse_iga,mouse_iga,VRGGDSYYSNYYVMDY,mouse_iga|VRGGDSYYSNYYVMDY,mouse,1
mouse_iga_00158,GFNIKDYY,,7,mouse_iga,mouse_iga,TTWDRNGAY,mouse_iga|TTWDRNGAY,mouse,1
mouse_iga_00159,GYSITSAYY,,0,mouse_iga,mouse_iga,ARTDTTVGYAMDY,mouse_iga|ARTDTTVGYAMDY,mouse,0
mouse_iga_00160,GFTFSAYT,,0,mouse_iga,mouse_iga,ASPYYYGSSWYFDV,mouse_iga|ASPYYYGSSWYFDV,mouse,0
mouse_iga_00161,GYTFTDYY,,7,mouse_iga,mouse_iga,ARGEWELGNFDY,mouse_iga|ARGEWELGNFDY,mouse,1
mouse_iga_00162,GYTFTNYY,,7,mouse_iga,mouse_iga,ARGGDSYYSNYYAMDY,mouse_iga|ARGGDSYYSNYYAMDY,mouse,1
mouse_iga_00163,GFTFSSYA,,0,mouse_iga,mouse_iga,ARDPPLLPLDY,mouse_iga|ARDPPLLPLDY,mouse,0
mouse_iga_00164,GYTFTSYG,,0,mouse_iga,mouse_iga,ARPSSGNYFDY,mouse_iga|ARPSSGNYFDY,mouse,0
mouse_iga_00165,GFTFSSYG,,0,mouse_iga,mouse_iga,ARHSSGLDY,mouse_iga|ARHSSGLDY,mouse,0
mouse_iga_00166,GFTFNTYA,,7,mouse_iga,mouse_iga,VREGDYDPYFDV,mouse_iga|VREGDYDPYFDV,mouse,1
mouse_iga_00167,GYSITSGYY,,7,mouse_iga,mouse_iga,ARGYYGSSFDY,mouse_iga|ARGYYGSSFDY,mouse,1
mouse_iga_00168,GFTFNTYA,,7,mouse_iga,mouse_iga,VRETIDYYGSREGYAMDY,mouse_iga|VRETIDYYGSREGYAMDY,mouse,1
mouse_iga_00169,GFTFSSYG,,0,mouse_iga,mouse_iga,ARHETGLDY,mouse_iga|ARHETGLDY,mouse,0
mouse_iga_00170,GYSITNGNHW,,7,mouse_iga,mouse_iga,ARGYGSSYYFDY,mouse_iga|ARGYGSSYYFDY,mouse,1
mouse_iga_00171,GYSITSGYY,,7,mouse_iga,mouse_iga,ARRDYRMDY,mouse_iga|ARRDYRMDY,mouse,1
mouse_iga_00172,GFTFSNYW,,7,mouse_iga,mouse_iga,TGGYDSAMDY,mouse_iga|TGGYDSAMDY,mouse,1
mouse_iga_00173,GFTFTDYY,,7,mouse_iga,mouse_iga,ARSYDGYPYYYAMDY,mouse_iga|ARSYDGYPYYYAMDY,mouse,1
mouse_iga_00174,GYTFTDYN,,7,mouse_iga,mouse_iga,ARRGLRRPMDY,mouse_iga|ARRGLRRPMDY,mouse,1
mouse_iga_00175,GFTFSSYY,,7,mouse_iga,mouse_iga,TWDHYGSSYG,mouse_iga|TWDHYGSSYG,mouse,1
mouse_iga_00176,GYTFTDYN,,7,mouse_iga,mouse_iga,ARRGLRRPMDY,mouse_iga|ARRGLRRPMDY,mouse,1
mouse_iga_00177,GYTFTDYN,,7,mouse_iga,mouse_iga,ARRGLRRPMDY,mouse_iga|ARRGLRRPMDY,mouse,1
mouse_iga_00178,GYSITSGYY,,0,mouse_iga,mouse_iga,ARAGGPYAMDY,mouse_iga|ARAGGPYAMDY,mouse,0
mouse_iga_00179,GFTFSDYG,,0,mouse_iga,mouse_iga,ARRNWDWYFDV,mouse_iga|ARRNWDWYFDV,mouse,0
mouse_iga_00180,GYSITSAYY,,7,mouse_iga,mouse_iga,ARVPFLLRYPLGNFDV,mouse_iga|ARVPFLLRYPLGNFDV,mouse,1
mouse_iga_00181,GYTFTDYN,,7,mouse_iga,mouse_iga,ARMASYGSSYPYWYFDV,mouse_iga|ARMASYGSSYPYWYFDV,mouse,1
mouse_iga_00182,GFTFSSYG,,7,mouse_iga,mouse_iga,ARHEDYGSSYPDY,mouse_iga|ARHEDYGSSYPDY,mouse,1
mouse_iga_00183,GFTFSNYW,,0,mouse_iga,mouse_iga,YYFDY,mouse_iga|YYFDY,mouse,0
mouse_iga_00184,GYSITSGYY,,0,mouse_iga,mouse_iga,ARGQDYYGSSYFDY,mouse_iga|ARGQDYYGSSYFDY,mouse,0
mouse_iga_00185,GFTFSDAW,,0,mouse_iga,mouse_iga,TRGGTWYFDV,mouse_iga|TRGGTWYFDV,mouse,0
mouse_iga_00186,GYTFTGYW,,7,mouse_iga,mouse_iga,AREGGLRLYYFDY,mouse_iga|AREGGLRLYYFDY,mouse,1
mouse_iga_00187,GYTFTSYG,,7,mouse_iga,mouse_iga,AKGGYSNYFDY,mouse_iga|AKGGYSNYFDY,mouse,1
mouse_iga_00188,GYSITSGYY,,0,mouse_iga,mouse_iga,ARDPYYYGSRSYAMDY,mouse_iga|ARDPYYYGSRSYAMDY,mouse,0
mouse_iga_00189,GYTFTDHT,,7,mouse_iga,mouse_iga,ARWDY,mouse_iga|ARWDY,mouse,1
mouse_iga_00190,GYSITSGYY,,7,mouse_iga,mouse_iga,ARGRAPWDY,mouse_iga|ARGRAPWDY,mouse,1
mouse_iga_00191,GYSITSGYY,,7,mouse_iga,mouse_iga,ARRDYRMDY,mouse_iga|ARRDYRMDY,mouse,1
mouse_iga_00192,GFTFSNHW,,0,mouse_iga,mouse_iga,TFYDGNTLDY,mouse_iga|TFYDGNTLDY,mouse,0
mouse_iga_00193,GYSITSGYY,,7,mouse_iga,mouse_iga,AREDQLNTY,mouse_iga|AREDQLNTY,mouse,1
mouse_iga_00194,GYSITSGFY,,7,mouse_iga,mouse_iga,TRGTGRMDY,mouse_iga|TRGTGRMDY,mouse,1
mouse_iga_00195,GYTFTSYW,,7,mouse_iga,mouse_iga,AREGNYYGSSYANY,mouse_iga|AREGNYYGSSYANY,mouse,1
mouse_iga_00196,GFNIKNTY,,7,mouse_iga,mouse_iga,ATRLTGTNFDY,mouse_iga|ATRLTGTNFDY,mouse,1
mouse_iga_00197,GYTFTDYN,,0,mouse_iga,mouse_iga,RRRDWDGFDY,mouse_iga|RRRDWDGFDY,mouse,0
mouse_iga_00198,GYSITSGFY,,7,mouse_iga,mouse_iga,TRGTGRIEY,mouse_iga|TRGTGRIEY,mouse,1
mouse_iga_00199,GYSITSDY,,0,mouse_iga,mouse_iga,ARIPHITTVVARYFDV,mouse_iga|ARIPHITTVVARYFDV,mouse,0
mouse_iga_00200,DFNIKDYY,,0,mouse_iga,mouse_iga,VRFDGYYDY,mouse_iga|VRFDGYYDY,mouse,0
mouse_iga_00201,GYSITSGYY,,0,mouse_iga,mouse_iga,SRELIIGRAMDY,mouse_iga|SRELIIGRAMDY,mouse,0
mouse_iga_00202,GYTFTDYY,,0,mouse_iga,mouse_iga,ARETVLRYFDY,mouse_iga|ARETVLRYFDY,mouse,0
mouse_iga_00203,GYSITNSYY,,7,mouse_iga,mouse_iga,ARDPHYSLMDY,mouse_iga|ARDPHYSLMDY,mouse,1
mouse_iga_00204,GFTFSNHW,,0,mouse_iga,mouse_iga,TFYDGNAMDY,mouse_iga|TFYDGNAMDY,mouse,0
mouse_iga_00205,DYSITSGYY,,0,mouse_iga,mouse_iga,VRDPYYYGSRHGPMDY,mouse_iga|VRDPYYYGSRHGPMDY,mouse,0
mouse_iga_00206,GYSITSGYY,,7,mouse_iga,mouse_iga,AREKALLRTMDY,mouse_iga|AREKALLRTMDY,mouse,1
mouse_iga_00207,GFTFSDYG,,7,mouse_iga,mouse_iga,VRGAVLWYFDV,mouse_iga|VRGAVLWYFDV,mouse,1
mouse_iga_00208,GFTFSSYG,,7,mouse_iga,mouse_iga,ARQDYGFWYFDV,mouse_iga|ARQDYGFWYFDV,mouse,1
mouse_iga_00209,GFTFTDYY,,0,mouse_iga,mouse_iga,ARYIRDYAMDY,mouse_iga|ARYIRDYAMDY,mouse,0
mouse_iga_00210,GYSITNGNHW,,7,mouse_iga,mouse_iga,ARAFDY,mouse_iga|ARAFDY,mouse,1
mouse_iga_00211,GYSITSDY,,7,mouse_iga,mouse_iga,ARSYGDGNYEHAMDY,mouse_iga|ARSYGDGNYEHAMDY,mouse,1
mouse_iga_00212,GFTFTDYY,,7,mouse_iga,mouse_iga,ARYIYYYGSSYFDV,mouse_iga|ARYIYYYGSSYFDV,mouse,1
mouse_iga_00213,GYTFTDYN,,0,mouse_iga,mouse_iga,ARGWDFDY,mouse_iga|ARGWDFDY,mouse,0
mouse_iga_00214,GYTFTDYY,,0,mouse_iga,mouse_iga,ANSFPYGSSYNWYFDV,mouse_iga|ANSFPYGSSYNWYFDV,mouse,0
mouse_iga_00215,GFTFSSYG,,7,mouse_iga,mouse_iga,ARHSSGLDY,mouse_iga|ARHSSGLDY,mouse,1
mouse_iga_00216,GYTFTSYW,,7,mouse_iga,mouse_iga,VRSGYYGYLYAMDY,mouse_iga|VRSGYYGYLYAMDY,mouse,1
mouse_iga_00217,GFTFTDYY,,7,mouse_iga,mouse_iga,ARYRDVWWYFDV,mouse_iga|ARYRDVWWYFDV,mouse,1
mouse_iga_00218,GYSITSGYY,,7,mouse_iga,mouse_iga,AREEEYYGSRDY,mouse_iga|AREEEYYGSRDY,mouse,1
mouse_iga_00219,GYSITSGYY,,7,mouse_iga,mouse_iga,ARDRIITRYFDV,mouse_iga|ARDRIITRYFDV,mouse,1
mouse_iga_00220,GFTFTDYY,,7,mouse_iga,mouse_iga,ARWGYYDYDVYAMDY,mouse_iga|ARWGYYDYDVYAMDY,mouse,1
mouse_iga_00221,GDTFTNYW,,0,mouse_iga,mouse_iga,ARWGLREYYAMDY,mouse_iga|ARWGLREYYAMDY,mouse,0
mouse_iga_00222,GISITTGNYR,,0,mouse_iga,mouse_iga,ARHSSGYFDY,mouse_iga|ARHSSGYFDY,mouse,0
mouse_iga_00223,GFTFSSYA,,7,mouse_iga,mouse_iga,ARVLTGNDY,mouse_iga|ARVLTGNDY,mouse,1
mouse_iga_00224,GFTFSDYG,,0,mouse_iga,mouse_iga,ARSGTGY,mouse_iga|ARSGTGY,mouse,0
mouse_iga_00225,GFTFSSYG,,0,mouse_iga,mouse_iga,ARHNSGLDY,mouse_iga|ARHNSGLDY,mouse,0
mouse_iga_00226,GYTFTSYW,,7,mouse_iga,mouse_iga,ADYYGSLYYFDY,mouse_iga|ADYYGSLYYFDY,mouse,1
mouse_iga_00227,GYSITSGYY,,0,mouse_iga,mouse_iga,ARGGDWYFDV,mouse_iga|ARGGDWYFDV,mouse,0
mouse_iga_00228,GFSFNNYA,,7,mouse_iga,mouse_iga,MRHGTRGFDY,mouse_iga|MRHGTRGFDY,mouse,1
mouse_iga_00229,GYSITSGYY,,7,mouse_iga,mouse_iga,AKSRGFFDY,mouse_iga|AKSRGFFDY,mouse,1
mouse_iga_00230,VTGYSITSGYY,,7,mouse_iga,mouse_iga,ARHSYFDV,mouse_iga|ARHSYFDV,mouse,1
mouse_iga_00231,GYSIASAYY,,7,mouse_iga,mouse_iga,SAIRHGYWYFDV,mouse_iga|SAIRHGYWYFDV,mouse,1
mouse_iga_00232,GYSITSDY,,7,mouse_iga,mouse_iga,ARRGYGSSGAMDY,mouse_iga|ARRGYGSSGAMDY,mouse,1
mouse_iga_00233,GFTFNTYA,,0,mouse_iga,mouse_iga,VREVSYSNFDY,mouse_iga|VREVSYSNFDY,mouse,0
mouse_iga_00234,GISITTGNNR,,7,mouse_iga,mouse_iga,ARDANYWYFDV,mouse_iga|ARDANYWYFDV,mouse,1
mouse_iga_00235,GFTFSDYG,,7,mouse_iga,mouse_iga,ARHGEIVTTVFPTGGWYFDV,mouse_iga|ARHGEIVTTVFPTGGWYFDV,mouse,1
mouse_iga_00236,GFTFSSYT,,7,mouse_iga,mouse_iga,ARPSYYSNWYFDV,mouse_iga|ARPSYYSNWYFDV,mouse,1
mouse_iga_00237,GYSITSDY,,0,mouse_iga,mouse_iga,ARYYSHYYAIDY,mouse_iga|ARYYSHYYAIDY,mouse,0
mouse_iga_00238,GFTFSNYW,,7,mouse_iga,mouse_iga,TVYYAYDGGYAMDY,mouse_iga|TVYYAYDGGYAMDY,mouse,1
mouse_iga_00239,GFTFSDAW,,7,mouse_iga,mouse_iga,TPGAMDY,mouse_iga|TPGAMDY,mouse,1
mouse_iga_00240,GFTFSSYG,,7,mouse_iga,mouse_iga,ARQGYYGNSYYFDY,mouse_iga|ARQGYYGNSYYFDY,mouse,1
mouse_iga_00241,GYSITSGYY,,7,mouse_iga,mouse_iga,AHSGYFDV,mouse_iga|AHSGYFDV,mouse,1
mouse_iga_00242,GYTFTSYW,,7,mouse_iga,mouse_iga,ATNWYFDV,mouse_iga|ATNWYFDV,mouse,1
mouse_iga_00243,GYSITSGYY,,7,mouse_iga,mouse_iga,AREYYGSSYWYFDV,mouse_iga|AREYYGSSYWYFDV,mouse,1
mouse_iga_00244,GFTFSSYA,,0,mouse_iga,mouse_iga,AREGNGYHVFDY,mouse_iga|AREGNGYHVFDY,mouse,0
mouse_iga_00245,GYAFTNYL,,0,mouse_iga,mouse_iga,ARGGTGYWYFDV,mouse_iga|ARGGTGYWYFDV,mouse,0
mouse_iga_00246,GYTFTSYW,,0,mouse_iga,mouse_iga,ATQLGRGYFDY,mouse_iga|ATQLGRGYFDY,mouse,0
mouse_iga_00247,GYTFTDYN,,0,mouse_iga,mouse_iga,ARRDYYFDY,mouse_iga|ARRDYYFDY,mouse,0
mouse_iga_00248,GYSITNGYY,,7,mouse_iga,mouse_iga,AREGTKYGSSWYFDV,mouse_iga|AREGTKYGSSWYFDV,mouse,1
mouse_iga_00249,GYSITSGYY,,0,mouse_iga,mouse_iga,ARDKNYSKYFDY,mouse_iga|ARDKNYSKYFDY,mouse,0
mouse_iga_00250,GYSITSDY,,7,mouse_iga,mouse_iga,ARRRNLYYAMDY,mouse_iga|ARRRNLYYAMDY,mouse,1
mouse_iga_00251,GFTFSDYG,,0,mouse_iga,mouse_iga,ARHSYYGSGYVFDY,mouse_iga|ARHSYYGSGYVFDY,mouse,0
mouse_iga_00252,GYTFTGYW,,7,mouse_iga,mouse_iga,ARRAVVVTDWYFDV,mouse_iga|ARRAVVVTDWYFDV,mouse,1
mouse_iga_00253,GFTFSDYG,,0,mouse_iga,mouse_iga,ARGGTEDY,mouse_iga|ARGGTEDY,mouse,0
mouse_iga_00254,GFTFSDAW,,0,mouse_iga,mouse_iga,TNLYYAMDY,mouse_iga|TNLYYAMDY,mouse,0
mouse_iga_00255,GFTFSSYG,,7,mouse_iga,mouse_iga,ASLNWDRAMDY,mouse_iga|ASLNWDRAMDY,mouse,1
mouse_iga_00256,GFTFSNHW,,0,mouse_iga,mouse_iga,TDNTGPYDY,mouse_iga|TDNTGPYDY,mouse,0
mouse_iga_00257,GYSITSGYY,,7,mouse_iga,mouse_iga,ARLTGRVDY,mouse_iga|ARLTGRVDY,mouse,1
mouse_iga_00258,GYSITSGYY,,0,mouse_iga,mouse_iga,TREPHYYGSRDYDMDY,mouse_iga|TREPHYYGSRDYDMDY,mouse,0
mouse_iga_00259,GFTFSDAW,,7,mouse_iga,mouse_iga,TRRYGNWRPMDY,mouse_iga|TRRYGNWRPMDY,mouse,1
mouse_iga_00260,GYTFTSYW,,7,mouse_iga,mouse_iga,ARWSYYYGSRDY,mouse_iga|ARWSYYYGSRDY,mouse,1
mouse_iga_00261,GYTFSDYY,,7,mouse_iga,mouse_iga,TKSGWLLLAMDY,mouse_iga|TKSGWLLLAMDY,mouse,1
mouse_iga_00262,GFTFSDYG,,0,mouse_iga,mouse_iga,ARREFPLDY,mouse_iga|ARREFPLDY,mouse,0
mouse_iga_00263,GFTFSDYG,,7,mouse_iga,mouse_iga,ASRGLYYFGSGYDWYFDV,mouse_iga|ASRGLYYFGSGYDWYFDV,mouse,1
mouse_iga_00264,GYSITSGYY,,0,mouse_iga,mouse_iga,ARLTGRVDY,mouse_iga|ARLTGRVDY,mouse,0
mouse_iga_00265,GFTFSNYW,,0,mouse_iga,mouse_iga,TGWVFDY,mouse_iga|TGWVFDY,mouse,0
mouse_iga_00266,GYSITSGFY,,0,mouse_iga,mouse_iga,TREPHYYGSRDYDMDY,mouse_iga|TREPHYYGSRDYDMDY,mouse,0
mouse_iga_00267,GLIFSNYW,,0,mouse_iga,mouse_iga,TDTTGPYDC,mouse_iga|TDTTGPYDC,mouse,0
mouse_iga_00268,GFTFTDYY,,0,mouse_iga,mouse_iga,ARSQWGGDYFDY,mouse_iga|ARSQWGGDYFDY,mouse,0
mouse_iga_00269,GYTFTDNF,,0,mouse_iga,mouse_iga,ARSGSRLWYFDV,mouse_iga|ARSGSRLWYFDV,mouse,0
mouse_iga_00270,DSDVFPIVY,,7,mouse_iga,mouse_iga,ARGLRDFDY,mouse_iga|ARGLRDFDY,mouse,1
mouse_iga_00271,GFTFSNYW,,0,mouse_iga,mouse_iga,TGGAYDGYYWYFDV,mouse_iga|TGGAYDGYYWYFDV,mouse,0
mouse_iga_00272,GFTFTDYN,,7,mouse_iga,mouse_iga,ARRGLRRPMDY,mouse_iga|ARRGLRRPMDY,mouse,1
mouse_iga_00273,GFTLSNHW,,0,mouse_iga,mouse_iga,TDLPSLDY,mouse_iga|TDLPSLDY,mouse,0
mouse_iga_00274,GYSITSGYY,,0,mouse_iga,mouse_iga,TREPHYYGNRDYDVDY,mouse_iga|TREPHYYGNRDYDVDY,mouse,0
mouse_iga_00275,EYTFTDFY,,7,mouse_iga,mouse_iga,LP,mouse_iga|LP,mouse,1
mouse_iga_00276,GFTFTDYY,,0,mouse_iga,mouse_iga,ARGGPFDY,mouse_iga|ARGGPFDY,mouse,0
mouse_iga_00277,GFTFSSYA,,0,mouse_iga,mouse_iga,ARERVIITVVGYFDV,mouse_iga|ARERVIITVVGYFDV,mouse,0
mouse_iga_00278,GFTFSDAW,,7,mouse_iga,mouse_iga,GLGFDF,mouse_iga|GLGFDF,mouse,1
mouse_iga_00279,GFTFSDSY,,7,mouse_iga,mouse_iga,ARMGRYLDV,mouse_iga|ARMGRYLDV,mouse,1
mouse_iga_00280,GYTFTNFG,,0,mouse_iga,mouse_iga,ARGGTGPYFDY,mouse_iga|ARGGTGPYFDY,mouse,0
mouse_iga_00281,GYSITSGYD,,7,mouse_iga,mouse_iga,ARGGHYYGSSYAMDY,mouse_iga|ARGGHYYGSSYAMDY,mouse,1
mouse_iga_00282,GYSITSGYY,,7,mouse_iga,mouse_iga,ARAFPFGY,mouse_iga|ARAFPFGY,mouse,1
mouse_iga_00283,GFTFTDYS,,0,mouse_iga,mouse_iga,ASPDSSGYDALDY,mouse_iga|ASPDSSGYDALDY,mouse,0
mouse_iga_00284,GYSITRDY,,7,mouse_iga,mouse_iga,ARGYNYFDY,mouse_iga|ARGYNYFDY,mouse,1
mouse_iga_00285,GYSITSGYY,,7,mouse_iga,mouse_iga,ARGAGREDY,mouse_iga|ARGAGREDY,mouse,1
mouse_iga_00286,GYTFTDYS,,0,mouse_iga,mouse_iga,ASPDSSGYDAMDY,mouse_iga|ASPDSSGYDAMDY,mouse,0
mouse_iga_00287,GYSITSGYY,,7,mouse_iga,mouse_iga,ARALYYGSSYGEFDV,mouse_iga|ARALYYGSSYGEFDV,mouse,1
mouse_iga_00288,GFTFTDYY,,7,mouse_iga,mouse_iga,ARFTTYFSNYGYFDV,mouse_iga|ARFTTYFSNYGYFDV,mouse,1
mouse_iga_00289,GYSITSGYY,,7,mouse_iga,mouse_iga,TRAFPFGY,mouse_iga|TRAFPFGY,mouse,1
mouse_iga_00290,GYSITSGYY,,0,mouse_iga,mouse_iga,ARESGIYYGNYDFDY,mouse_iga|ARESGIYYGNYDFDY,mouse,0
mouse_iga_00291,GYSITSGYY,,7,mouse_iga,mouse_iga,ARAFPFGC,mouse_iga|ARAFPFGC,mouse,1
mouse_iga_00292,GFTFSGYA,,7,mouse_iga,mouse_iga,ARGLNWFDY,mouse_iga|ARGLNWFDY,mouse,1
mouse_iga_00293,GYSITSGFY,,7,mouse_iga,mouse_iga,ATRIPSHV,mouse_iga|ATRIPSHV,mouse,1
mouse_iga_00295,GFTFTDYY,,7,mouse_iga,mouse_iga,ARFRTYYSNYGYFDV,mouse_iga|ARFRTYYSNYGYFDV,mouse,1
mouse_iga_00296,GYTFSDFY,,0,mouse_iga,mouse_iga,ARSPPISDGYFGPFDY,mouse_iga|ARSPPISDGYFGPFDY,mouse,0
mouse_iga_00297,GFTFSDYG,,0,mouse_iga,mouse_iga,AKDSKFWYFDV,mouse_iga|AKDSKFWYFDV,mouse,0
mouse_iga_00298,GFTFTDYY,,7,mouse_iga,mouse_iga,ARFRTYLSNYGYFDV,mouse_iga|ARFRTYLSNYGYFDV,mouse,1
mouse_iga_00299,GYSINSGYY,,0,mouse_iga,mouse_iga,VRAFPFGY,mouse_iga|VRAFPFGY,mouse,0
mouse_iga_00300,GYTFTGYW,,7,mouse_iga,mouse_iga,ARRWGWYFDV,mouse_iga|ARRWGWYFDV,mouse,1
mouse_iga_00301,AYSITNDY,,7,mouse_iga,mouse_iga,ARSPSGNSVGYFDY,mouse_iga|ARSPSGNSVGYFDY,mouse,1
mouse_iga_00302,GYTFTNYN,,0,mouse_iga,mouse_iga,ARRDDYGSNFYYAMDY,mouse_iga|ARRDDYGSNFYYAMDY,mouse,0
mouse_iga_00303,GFSLSTFGMG,,7,mouse_iga,mouse_iga,GRIAGYYGSTYYFDY,mouse_iga|GRIAGYYGSTYYFDY,mouse,1
mouse_iga_00304,GYTFTTYW,,7,mouse_iga,mouse_iga,ARRLGRGEDFDY,mouse_iga|ARRLGRGEDFDY,mouse,1
mouse_iga_00305,GFTFSDYY,,0,mouse_iga,mouse_iga,ARDKYYGSLDY,mouse_iga|ARDKYYGSLDY,mouse,0
mouse_iga_00306,GYSITSAYY,,7,mouse_iga,mouse_iga,ARGGGAFLGIFDY,mouse_iga|ARGGGAFLGIFDY,mouse,1
mouse_iga_00307,GFTFSNYW,,7,mouse_iga,mouse_iga,KGDYGSSYWYFDV,mouse_iga|KGDYGSSYWYFDV,mouse,1
mouse_iga_00308,GFTFSDYA,,0,mouse_iga,mouse_iga,ARGTLITTYFDF,mouse_iga|ARGTLITTYFDF,mouse,0
mouse_iga_00309,GFTFSDYG,,7,mouse_iga,mouse_iga,ARAHRFYFAVDY,mouse_iga|ARAHRFYFAVDY,mouse,1
mouse_iga_00310,GFTFSNYW,,0,mouse_iga,mouse_iga,TGPSDY,mouse_iga|TGPSDY,mouse,0
mouse_iga_00311,GYSITSGFY,,7,mouse_iga,mouse_iga,ARDYPMDY,mouse_iga|ARDYPMDY,mouse,1
mouse_iga_00312,GFTFSSYG,,7,mouse_iga,mouse_iga,TRKTTVVGDYFDY,mouse_iga|TRKTTVVGDYFDY,mouse,1
mouse_iga_00313,GFTFSSYA,,0,mouse_iga,mouse_iga,ARERYLTGDAMDY,mouse_iga|ARERYLTGDAMDY,mouse,0
mouse_iga_00314,GFTLTEYY,,7,mouse_iga,mouse_iga,VKGPVYYTMDY,mouse_iga|VKGPVYYTMDY,mouse,1
mouse_iga_00315,GFTFSDFY,,7,mouse_iga,mouse_iga,ARDDGTWAMDY,mouse_iga|ARDDGTWAMDY,mouse,1
mouse_iga_00316,GYTFTSYW,,7,mouse_iga,mouse_iga,ARRNSGRSGPYYFDF,mouse_iga|ARRNSGRSGPYYFDF,mouse,1
mouse_iga_00317,GFTFSSYA,,0,mouse_iga,mouse_iga,TRRYGSTFDY,mouse_iga|TRRYGSTFDY,mouse,0
mouse_iga_00318,GYSITTDY,,0,mouse_iga,mouse_iga,VRYSDGFPYALDN,mouse_iga|VRYSDGFPYALDN,mouse,0
mouse_iga_00319,GFTFSNYW,,0,mouse_iga,mouse_iga,TGGRYYVPFDY,mouse_iga|TGGRYYVPFDY,mouse,0
mouse_iga_00320,GFTFSDYG,,7,mouse_iga,mouse_iga,TRAHRFYFAMDY,mouse_iga|TRAHRFYFAMDY,mouse,1
mouse_iga_00321,GYSFTDYY,,7,mouse_iga,mouse_iga,ARSLLPAAWYFDV,mouse_iga|ARSLLPAAWYFDV,mouse,1
mouse_iga_00322,GFTFSDYG,,0,mouse_iga,mouse_iga,SRPEWLQNAMDY,mouse_iga|SRPEWLQNAMDY,mouse,0
mouse_iga_00323,GFTFTSYW,,7,mouse_iga,mouse_iga,ARSTYGPYYFDY,mouse_iga|ARSTYGPYYFDY,mouse,1
mouse_iga_00324,GFTFSAYG,,0,mouse_iga,mouse_iga,ARDTNYVSYAMDY,mouse_iga|ARDTNYVSYAMDY,mouse,0
mouse_iga_00325,GYSITSGYY,,0,mouse_iga,mouse_iga,TRPYSNYLGAMYY,mouse_iga|TRPYSNYLGAMYY,mouse,0
mouse_iga_00326,GFTFSNYW,,0,mouse_iga,mouse_iga,TGPLVGFDY,mouse_iga|TGPLVGFDY,mouse,0
mouse_iga_00327,GFSLSTFGMG,,0,mouse_iga,mouse_iga,ARIAGFYYFDY,mouse_iga|ARIAGFYYFDY,mouse,0
mouse_iga_00328,GYTFTSYN,,0,mouse_iga,mouse_iga,ARGGGSSYGYYAMDY,mouse_iga|ARGGGSSYGYYAMDY,mouse,0
mouse_iga_00329,GIDFSRYW,,0,mouse_iga,mouse_iga,ARPIYDGYYGLFDY,mouse_iga|ARPIYDGYYGLFDY,mouse,0
mouse_iga_00330,GYTFTSYW,,7,mouse_iga,mouse_iga,ARPRYDYGDY,mouse_iga|ARPRYDYGDY,mouse,1
mouse_iga_00331,GFTFSGFW,,0,mouse_iga,mouse_iga,MVWLLRGYFDV,mouse_iga|MVWLLRGYFDV,mouse,0
mouse_iga_00332,GFTFSNYW,,7,mouse_iga,mouse_iga,TGRVYYGQYYFDY,mouse_iga|TGRVYYGQYYFDY,mouse,1
mouse_iga_00333,GFTFNTYA,,7,mouse_iga,mouse_iga,VREENWVLDY,mouse_iga|VREENWVLDY,mouse,1
mouse_iga_00334,GFSFNTYT,,0,mouse_iga,mouse_iga,ALGGYAMDF,mouse_iga|ALGGYAMDF,mouse,0
mouse_iga_00336,GYSITSGYY,,0,mouse_iga,mouse_iga,ARVIYYGSSYNYAMDY,mouse_iga|ARVIYYGSSYNYAMDY,mouse,0
mouse_iga_00337,GFTFSSYT,,7,mouse_iga,mouse_iga,ARAFYYYAMDY,mouse_iga|ARAFYYYAMDY,mouse,1
mouse_iga_00339,GFTFSNYW,,0,mouse_iga,mouse_iga,TKIYYDYLDY,mouse_iga|TKIYYDYLDY,mouse,0
mouse_iga_00340,GYSITSGYY,,7,mouse_iga,mouse_iga,AREMIVTTDWYFDV,mouse_iga|AREMIVTTDWYFDV,mouse,1
mouse_iga_00341,GFTFSNYW,,7,mouse_iga,mouse_iga,TGLTGPY,mouse_iga|TGLTGPY,mouse,1
mouse_iga_00342,GFTFSDAW,,0,mouse_iga,mouse_iga,TRRLYDYDVYYAMDY,mouse_iga|TRRLYDYDVYYAMDY,mouse,0
mouse_iga_00343,GYSITSDY,,7,mouse_iga,mouse_iga,AHYGHWYFDV,mouse_iga|AHYGHWYFDV,mouse,1
mouse_iga_00344,GFTFSSYG,,7,mouse_iga,mouse_iga,ARHSSGYVFDY,mouse_iga|ARHSSGYVFDY,mouse,1
mouse_iga_00345,GYSITSGYY,,0,mouse_iga,mouse_iga,AKTALYYFDY,mouse_iga|AKTALYYFDY,mouse,0
mouse_iga_00346,GISITTGNYR,,7,mouse_iga,mouse_iga,TRVENYAMDY,mouse_iga|TRVENYAMDY,mouse,1
mouse_iga_00347,GFTFNTYA,,7,mouse_iga,mouse_iga,VRDADDGYYKGAMDY,mouse_iga|VRDADDGYYKGAMDY,mouse,1
mouse_iga_00348,GYSITSGYY,,7,mouse_iga,mouse_iga,ARANGYYYFDY,mouse_iga|ARANGYYYFDY,mouse,1
mouse_iga_00349,GFTFSNYW,,0,mouse_iga,mouse_iga,TDPPQDY,mouse_iga|TDPPQDY,mouse,0
mouse_iga_00350,GYTFTDYY,,0,mouse_iga,mouse_iga,ARGGDSYYSNYYVMDY,mouse_iga|ARGGDSYYSNYYVMDY,mouse,0
mouse_iga_00351,GFNIKDYY,,7,mouse_iga,mouse_iga,TTWDRNGAY,mouse_iga|TTWDRNGAY,mouse,1
mouse_iga_00352,GFTFSSYT,,7,mouse_iga,mouse_iga,ARPYYYGSSWYFDV,mouse_iga|ARPYYYGSSWYFDV,mouse,1
mouse_iga_00353,GFTFNTYA,,0,mouse_iga,mouse_iga,VRETIDYYGSREGYAMDY,mouse_iga|VRETIDYYGSREGYAMDY,mouse,0
mouse_iga_00354,GFTFSSYG,,0,mouse_iga,mouse_iga,ARHETGLDY,mouse_iga|ARHETGLDY,mouse,0
mouse_iga_00355,GYSITSGYY,,0,mouse_iga,mouse_iga,AREDYRMDY,mouse_iga|AREDYRMDY,mouse,0
mouse_iga_00356,GFTFSNYW,,0,mouse_iga,mouse_iga,TGDHYGSSYG,mouse_iga|TGDHYGSSYG,mouse,0
mouse_iga_00357,GYTFTDYN,,7,mouse_iga,mouse_iga,ARRGLRRPMDY,mouse_iga|ARRGLRRPMDY,mouse,1
mouse_iga_00358,GYSITSGYY,,7,mouse_iga,mouse_iga,ARVPFLLRYPLGNFDV,mouse_iga|ARVPFLLRYPLGNFDV,mouse,1
mouse_iga_00359,GYTFTSYG,,7,mouse_iga,mouse_iga,AKGGYSNYFDY,mouse_iga|AKGGYSNYFDY,mouse,1
mouse_iga_00360,GYSITSGYY,,7,mouse_iga,mouse_iga,ARGTGRIEY,mouse_iga|ARGTGRIEY,mouse,1
mouse_iga_00361,GFTFSDYY,,7,mouse_iga,mouse_iga,ARDKYYGSLDY,mouse_iga|ARDKYYGSLDY,mouse,1
mouse_iga_00362,GFTFSSYA,,0,mouse_iga,mouse_iga,ARGTLITTYFDF,mouse_iga|ARGTLITTYFDF,mouse,0
mouse_iga_00363,GFTFSSYG,,0,mouse_iga,mouse_iga,ARKTTVVGDYFDY,mouse_iga|ARKTTVVGDYFDY,mouse,0
mouse_iga_00364,GYTFTSYW,,0,mouse_iga,mouse_iga,ARRNSGRSGPYYFDF,mouse_iga|ARRNSGRSGPYYFDF,mouse,0
mouse_iga_00365,GYSITSDY,,7,mouse_iga,mouse_iga,ARYSDGFPYALDN,mouse_iga|ARYSDGFPYALDN,mouse,1
mouse_iga_00366,GFTFSNYW,,7,mouse_iga,mouse_iga,TGGRYYVPFDY,mouse_iga|TGGRYYVPFDY,mouse,1
mouse_iga_00367,GFTFSDYG,,7,mouse_iga,mouse_iga,ARAHRFYFAMDY,mouse_iga|ARAHRFYFAMDY,mouse,1
mouse_iga_00368,GYTFTDYY,,0,mouse_iga,mouse_iga,ARSLLPAAWYFDV,mouse_iga|ARSLLPAAWYFDV,mouse,0
mouse_iga_00369,GFTFSDYG,,0,mouse_iga,mouse_iga,ARPEWLQNAMDY,mouse_iga|ARPEWLQNAMDY,mouse,0
mouse_iga_00370,GYTFTSYW,,0,mouse_iga,mouse_iga,ARSTYGPYYFDY,mouse_iga|ARSTYGPYYFDY,mouse,0
mouse_iga_00371,GYSITSDY,,7,mouse_iga,mouse_iga,ARGGGYWYFDV,mouse_iga|ARGGGYWYFDV,mouse,1
mouse_iga_00372,GFNIKNTY,,7,mouse_iga,mouse_iga,ARSGSYAMDY,mouse_iga|ARSGSYAMDY,mouse,1
mouse_iga_00374,GYTFTNYG,,7,mouse_iga,mouse_iga,ATVAYYVMDY,mouse_iga|ATVAYYVMDY,mouse,1
mouse_iga_00375,GFTFSDYG,,7,mouse_iga,mouse_iga,ARELGPGWYFDV,mouse_iga|ARELGPGWYFDV,mouse,1
mouse_iga_00376,GFTFSDYG,,7,mouse_iga,mouse_iga,ARWLTGIFDY,mouse_iga|ARWLTGIFDY,mouse,1
mouse_iga_00377,GFTFSDYG,,7,mouse_iga,mouse_iga,ARKYGNLWYFDV,mouse_iga|ARKYGNLWYFDV,mouse,1
mouse_iga_00378,GFTFSDYG,,7,mouse_iga,mouse_iga,ARGVITTVVEKDYAMDY,mouse_iga|ARGVITTVVEKDYAMDY,mouse,1
mouse_iga_00379,GFTFSNYG,,0,mouse_iga,mouse_iga,ARHEDYDWYFDV,mouse_iga|ARHEDYDWYFDV,mouse,0
mouse_iga_00380,GYTFTDYN,,0,mouse_iga,mouse_iga,ARGGFYYFDY,mouse_iga|ARGGFYYFDY,mouse,0
mouse_iga_00381,GYTFTSYG,,7,mouse_iga,mouse_iga,ARAGSNYEGD,mouse_iga|ARAGSNYEGD,mouse,1
mouse_iga_00382,GYSITSGYD,,0,mouse_iga,mouse_iga,ARGGWLLDFDY,mouse_iga|ARGGWLLDFDY,mouse,0
mouse_iga_00383,GFTFSDYG,,0,mouse_iga,mouse_iga,ARGNSPAMDY,mouse_iga|ARGNSPAMDY,mouse,0
mouse_iga_00384,GFTFSDYG,,0,mouse_iga,mouse_iga,ASLLTSD,mouse_iga|ASLLTSD,mouse,0
mouse_iga_00385,GFTFSSYG,,7,mouse_iga,mouse_iga,ARYYYGSLDY,mouse_iga|ARYYYGSLDY,mouse,1
mouse_iga_00386,GYSITSGYY,,7,mouse_iga,mouse_iga,ARGWLLLDY,mouse_iga|ARGWLLLDY,mouse,1
mouse_iga_00387,GFTFSDYG,,0,mouse_iga,mouse_iga,ALMVTTGYWYFDV,mouse_iga|ALMVTTGYWYFDV,mouse,0
mouse_iga_00388,GFTFSSYG,,0,mouse_iga,mouse_iga,AREGLGRGYFDV,mouse_iga|AREGLGRGYFDV,mouse,0
mouse_iga_00389,GFTFSSYA,,7,mouse_iga,mouse_iga,ARDNYYGLYYYAMDY,mouse_iga|ARDNYYGLYYYAMDY,mouse,1
mouse_iga_00390,GFTFSSYA,,0,mouse_iga,mouse_iga,ARDGFHRDFDV,mouse_iga|ARDGFHRDFDV,mouse,0
mouse_iga_00391,GFTFSSYA,,7,mouse_iga,mouse_iga,AREAYYSKFHYFDY,mouse_iga|AREAYYSKFHYFDY,mouse,1
mouse_iga_00392,GYTFTDYY,,7,mouse_iga,mouse_iga,ARSGTPGWYFDV,mouse_iga|ARSGTPGWYFDV,mouse,1
mouse_iga_00393,GYTFTSYG,,7,mouse_iga,mouse_iga,ARYYYGSSYYFDY,mouse_iga|ARYYYGSSYYFDY,mouse,1
mouse_iga_00394,GFTFSSYG,,7,mouse_iga,mouse_iga,ARHPYYDYGGRYFDV,mouse_iga|ARHPYYDYGGRYFDV,mouse,1
mouse_iga_00395,GYSITSGYY,,7,mouse_iga,mouse_iga,ARVGIYYGNYFDY,mouse_iga|ARVGIYYGNYFDY,mouse,1
mouse_iga_00396,GYSITNDNHW,,0,mouse_iga,mouse_iga,ARAGVYYYAMDY,mouse_iga|ARAGVYYYAMDY,mouse,0
mouse_iga_00397,GYSITSGYY,,7,mouse_iga,mouse_iga,ARSSYWYFDV,mouse_iga|ARSSYWYFDV,mouse,1
mouse_iga_00398,GFTFSDAW,,0,mouse_iga,mouse_iga,TGIGYDWYFDV,mouse_iga|TGIGYDWYFDV,mouse,0
mouse_iga_00399,GYTFTEYT,,0,mouse_iga,mouse_iga,ARHEDDYYFGSSLDY,mouse_iga|ARHEDDYYFGSSLDY,mouse,0
mouse_iga_00400,GYTFTDYY,,0,mouse_iga,mouse_iga,ARRGWDYAMDY,mouse_iga|ARRGWDYAMDY,mouse,0
mouse_iga_00401,GYTFTSYG,,7,mouse_iga,mouse_iga,VFNYYGSGYGY,mouse_iga|VFNYYGSGYGY,mouse,1
mouse_iga_00402,GYTFTTYP,,0,mouse_iga,mouse_iga,ARGGTYYYSMDY,mouse_iga|ARGGTYYYSMDY,mouse,0
mouse_iga_00403,GYSITSGYY,,7,mouse_iga,mouse_iga,AAHSYGSSRGYFDV,mouse_iga|AAHSYGSSRGYFDV,mouse,1
mouse_iga_00404,GYTFTTYP,,7,mouse_iga,mouse_iga,ARGGQLRPLDY,mouse_iga|ARGGQLRPLDY,mouse,1
mouse_iga_00405,GYSITSGYY,,7,mouse_iga,mouse_iga,ARRGGLRHFDY,mouse_iga|ARRGGLRHFDY,mouse,1
mouse_iga_00406,GISITTGNYR,,7,mouse_iga,mouse_iga,ARDLNWDGYFDV,mouse_iga|ARDLNWDGYFDV,mouse,1
mouse_iga_00407,GISITTGNYR,,7,mouse_iga,mouse_iga,ARDSNLYFDY,mouse_iga|ARDSNLYFDY,mouse,1
mouse_iga_00408,GFTFSDYG,,0,mouse_iga,mouse_iga,VRGGRLYYFDY,mouse_iga|VRGGRLYYFDY,mouse,0
mouse_iga_00409,GYSITSGYY,,7,mouse_iga,mouse_iga,ASSNYWYFDV,mouse_iga|ASSNYWYFDV,mouse,1
mouse_iga_00410,GFTFSDYG,,0,mouse_iga,mouse_iga,AKFPMDY,mouse_iga|AKFPMDY,mouse,0
mouse_iga_00411,GYSITSGYY,,7,mouse_iga,mouse_iga,AYYGSSFDY,mouse_iga|AYYGSSFDY,mouse,1
mouse_iga_00412,GFTFTDYY,,0,mouse_iga,mouse_iga,ARYDGSSPFDV,mouse_iga|ARYDGSSPFDV,mouse,0
mouse_iga_00413,GISITTGNYR,,0,mouse_iga,mouse_iga,ARYSNYFDY,mouse_iga|ARYSNYFDY,mouse,0
mouse_iga_00414,GYTFTDYY,,0,mouse_iga,mouse_iga,ARGTGNSYFDY,mouse_iga|ARGTGNSYFDY,mouse,0
mouse_iga_00415,GFTFSNYW,,0,mouse_iga,mouse_iga,TELRRDY,mouse_iga|TELRRDY,mouse,0
mouse_iga_00416,GYTFTSYD,,7,mouse_iga,mouse_iga,ARSSRAIYYYGSTFDY,mouse_iga|ARSSRAIYYYGSTFDY,mouse,1
mouse_iga_00417,GFTFSNYW,,7,mouse_iga,mouse_iga,TGLGFDY,mouse_iga|TGLGFDY,mouse,1
mouse_iga_00418,GFTFSDAW,,7,mouse_iga,mouse_iga,TRVATQYYFDY,mouse_iga|TRVATQYYFDY,mouse,1
mouse_iga_00419,GISITTGNYR,,0,mouse_iga,mouse_iga,ARVDGYYFDY,mouse_iga|ARVDGYYFDY,mouse,0
mouse_iga_00420,GFTFSDFY,,0,mouse_iga,mouse_iga,ARDGGVVDIWAMDY,mouse_iga|ARDGGVVDIWAMDY,mouse,0
mouse_iga_00421,GFTFSDYY,,0,mouse_iga,mouse_iga,ARHYGYFDY,mouse_iga|ARHYGYFDY,mouse,0
mouse_iga_00422,GFTFSNYW,,0,mouse_iga,mouse_iga,TDLGLGY,mouse_iga|TDLGLGY,mouse,0
mouse_iga_00423,GISITTGNYR,,7,mouse_iga,mouse_iga,ARDGDYGNLFDY,mouse_iga|ARDGDYGNLFDY,mouse,1
mouse_iga_00424,GYSITSGYY,,0,mouse_iga,mouse_iga,AREGIYYDYDLYYFDY,mouse_iga|AREGIYYDYDLYYFDY,mouse,0
mouse_iga_00425,GYSITNGNHW,,7,mouse_iga,mouse_iga,ARGLYAMDY,mouse_iga|ARGLYAMDY,mouse,1
mouse_iga_00426,GFTFNTYA,,7,mouse_iga,mouse_iga,VRGATSYYYAMDY,mouse_iga|VRGATSYYYAMDY,mouse,1
mouse_iga_00427,GYSITNGNHW,,0,mouse_iga,mouse_iga,ARGDYYFDY,mouse_iga|ARGDYYFDY,mouse,0
mouse_iga_00429,GISITTGNYR,,7,mouse_iga,mouse_iga,ARAYDYFDY,mouse_iga|ARAYDYFDY,mouse,1
mouse_iga_00430,GYSITNGNHW,,0,mouse_iga,mouse_iga,ARGRDGYYDY,mouse_iga|ARGRDGYYDY,mouse,0
mouse_iga_00431,GYSITSDY,,7,mouse_iga,mouse_iga,ARGGNWDVVFDY,mouse_iga|ARGGNWDVVFDY,mouse,1
mouse_iga_00432,EYEFPSHD,,0,mouse_iga,mouse_iga,ARHGYDYAMDY,mouse_iga|ARHGYDYAMDY,mouse,0
mouse_iga_00433,GYSITNGNHW,,7,mouse_iga,mouse_iga,ARGYYGNFDY,mouse_iga|ARGYYGNFDY,mouse,1
mouse_iga_00434,GFTFSNYW,,7,mouse_iga,mouse_iga,TGRGFDY,mouse_iga|TGRGFDY,mouse,1
mouse_iga_00435,GFTFSDYG,,0,mouse_iga,mouse_iga,AAPNWYAMDY,mouse_iga|AAPNWYAMDY,mouse,0
mouse_iga_00436,GISITTGNYR,,7,mouse_iga,mouse_iga,ARYYSNSFDY,mouse_iga|ARYYSNSFDY,mouse,1
mouse_iga_00437,GYSITNGNHW,,7,mouse_iga,mouse_iga,ARGYFDV,mouse_iga|ARGYFDV,mouse,1
mouse_iga_00438,GFTFSSYT,,7,mouse_iga,mouse_iga,ARHDGWLRYYFDY,mouse_iga|ARHDGWLRYYFDY,mouse,1
mouse_iga_00439,GYSITSGYY,,0,mouse_iga,mouse_iga,ARGISNYDAMDY,mouse_iga|ARGISNYDAMDY,mouse,0
mouse_iga_00440,GISITTGNYR,,0,mouse_iga,mouse_iga,ARFTTVVFDY,mouse_iga|ARFTTVVFDY,mouse,0
mouse_iga_00441,GYSITSGYY,,7,mouse_iga,mouse_iga,AIDYYGSSYWYFDV,mouse_iga|AIDYYGSSYWYFDV,mouse,1
mouse_iga_00443,GYSITSGYD,,7,mouse_iga,mouse_iga,ASQTGSYAMDY,mouse_iga|ASQTGSYAMDY,mouse,1
mouse_iga_00444,GFTFSDAW,,0,mouse_iga,mouse_iga,TTVVDFDY,mouse_iga|TTVVDFDY,mouse,0
mouse_iga_00445,GYTFTSYG,,7,mouse_iga,mouse_iga,ARGFITTDGLDY,mouse_iga|ARGFITTDGLDY,mouse,1
mouse_iga_00446,GFTFNTYA,,0,mouse_iga,mouse_iga,VRESITDWYFDV,mouse_iga|VRESITDWYFDV,mouse,0
mouse_iga_00447,GYSITSDY,,0,mouse_iga,mouse_iga,ARGGLGRDWYFDV,mouse_iga|ARGGLGRDWYFDV,mouse,0
mouse_iga_00448,GFNIKNTY,,7,mouse_iga,mouse_iga,ADFDY,mouse_iga|ADFDY,mouse,1
mouse_iga_00449,GFTFSDAW,,7,mouse_iga,mouse_iga,TGGTTVVAYWYFDV,mouse_iga|TGGTTVVAYWYFDV,mouse,1
mouse_iga_00450,GFTFNTYA,,7,mouse_iga,mouse_iga,VRDYYGSSYYAMDY,mouse_iga|VRDYYGSSYYAMDY,mouse,1
mouse_iga_00451,GYTFTDYY,,7,mouse_iga,mouse_iga,ARRITTFDY,mouse_iga|ARRITTFDY,mouse,1
mouse_iga_00452,GFTFSDYG,,0,mouse_iga,mouse_iga,ARGGSSYREDYYAMDY,mouse_iga|ARGGSSYREDYYAMDY,mouse,0
mouse_iga_00453,GISITTGNYR,,0,mouse_iga,mouse_iga,ARDGELGLYFDY,mouse_iga|ARDGELGLYFDY,mouse,0
mouse_iga_00454,GYTFTDYY,,0,mouse_iga,mouse_iga,ARGLTGAMDY,mouse_iga|ARGLTGAMDY,mouse,0
mouse_iga_00455,GYSITSGYY,,0,mouse_iga,mouse_iga,ARPPNWDDWYFDV,mouse_iga|ARPPNWDDWYFDV,mouse,0
mouse_iga_00456,GYSITSDY,,0,mouse_iga,mouse_iga,ARTEGYQGDFDY,mouse_iga|ARTEGYQGDFDY,mouse,0
mouse_iga_00457,GYTFTDYY,,0,mouse_iga,mouse_iga,ARRLTTLDY,mouse_iga|ARRLTTLDY,mouse,0
mouse_iga_00458,GFTFSNYW,,0,mouse_iga,mouse_iga,TGPMDY,mouse_iga|TGPMDY,mouse,0
mouse_iga_00459,GFTFSDAW,,0,mouse_iga,mouse_iga,TGAYFHWYFDV,mouse_iga|TGAYFHWYFDV,mouse,0
mouse_iga_00460,GYSITSGYY,,0,mouse_iga,mouse_iga,ASSNYWYFDV,mouse_iga|ASSNYWYFDV,mouse,0
mouse_iga_00461,GYTFTSYW,,0,mouse_iga,mouse_iga,ARRGTTVVADDDY,mouse_iga|ARRGTTVVADDDY,mouse,0
mouse_iga_00462,GISITTGNYR,,0,mouse_iga,mouse_iga,ARYDGYYFDY,mouse_iga|ARYDGYYFDY,mouse,0
mouse_iga_00463,GISITTGNYR,,0,mouse_iga,mouse_iga,ARFYDGYFDY,mouse_iga|ARFYDGYFDY,mouse,0
mouse_iga_00464,GFSLTSYG,,0,mouse_iga,mouse_iga,AKHRGNFDYAMDY,mouse_iga|AKHRGNFDYAMDY,mouse,0
mouse_iga_00465,GFTFSNYW,,7,mouse_iga,mouse_iga,TGLPGTYYFDY,mouse_iga|TGLPGTYYFDY,mouse,1
mouse_iga_00468,GISITTGNYR,,0,mouse_iga,mouse_iga,ARDGDWDGYFDV,mouse_iga|ARDGDWDGYFDV,mouse,0
mouse_iga_00469,GFTFSSYA,,0,mouse_iga,mouse_iga,ARIYYGPDY,mouse_iga|ARIYYGPDY,mouse,0
mouse_iga_00470,GISITTGNYR,,0,mouse_iga,mouse_iga,ARSYDGHFDY,mouse_iga|ARSYDGHFDY,mouse,0
mouse_iga_00471,GYAFSSSW,,7,mouse_iga,mouse_iga,ARRDYYYGSSFDY,mouse_iga|ARRDYYYGSSFDY,mouse,1
mouse_iga_00472,GYTFTSYW,,7,mouse_iga,mouse_iga,YYSNYGFDY,mouse_iga|YYSNYGFDY,mouse,1
mouse_iga_00473,EYEFPSHD,,0,mouse_iga,mouse_iga,ARLDYDGAMDY,mouse_iga|ARLDYDGAMDY,mouse,0
mouse_iga_00474,GYTFTDYY,,0,mouse_iga,mouse_iga,ARGVYYGSYFDY,mouse_iga|ARGVYYGSYFDY,mouse,0
mouse_iga_00475,GISITTGNYR,,7,mouse_iga,mouse_iga,ARYYDYFDY,mouse_iga|ARYYDYFDY,mouse,1
mouse_iga_00476,GFTFNTYA,,7,mouse_iga,mouse_iga,VSRIYYGNYYAMDY,mouse_iga|VSRIYYGNYYAMDY,mouse,1
mouse_iga_00477,GFSFNTYA,,7,mouse_iga,mouse_iga,VRQGPNYFDY,mouse_iga|VRQGPNYFDY,mouse,1
mouse_iga_00478,GFTFTDYY,,7,mouse_iga,mouse_iga,ARYYGYYAMDY,mouse_iga|ARYYGYYAMDY,mouse,1
mouse_iga_00479,GYSITSGYY,,7,mouse_iga,mouse_iga,ARDGDDYGHWYFDV,mouse_iga|ARDGDDYGHWYFDV,mouse,1
mouse_iga_00480,GISITTGNYR,,7,mouse_iga,mouse_iga,ARYYGYFDV,mouse_iga|ARYYGYFDV,mouse,1
nat_cntrl_00001,GISFRTYA,,0,nat_cntrl,hiv,AKGVWEAPDGSSYYYYMAD,hiv|AKGVWEAPDGSSYYYYMAD,human,0
nat_cntrl_00019,GGSVSSRDYY,,0,nat_cntrl,hiv,ARGHSSSWTKFNWFGP,hiv|ARGHSSSWTKFNWFGP,human,0
nat_cntrl_00031,GDSISNNF,,6,nat_cntrl,hiv,ARLTKNPSQDFWGSYLYYFED,hiv|ARLTKNPSQDFWGSYLYYFED,human,1
nat_cntrl_00036,RYTFSDYY,,0,nat_cntrl,hiv,ARAGHCSSTSSVYCPFDM,hiv|ARAGHCSSTSSVYCPFDM,human,0
nat_cntrl_00040,GYLFTGYY,,6,nat_cntrl,hiv,ARDGDIALMVPSEHYYYMDV,hiv|ARDGDIALMVPSEHYYYMDV,human,1
nat_hiv_00000,GGSISHYY,,6,nat_hiv,hiv,ARHEAPRYSYAFRRYYHYGLDV,hiv|ARHEAPRYSYAFRRYYHYGLDV,human,1
nat_hiv_00001,GFSFSRHW,,5,nat_hiv,hiv,VRDRRRFLEWSLYGMDV,hiv|VRDRRRFLEWSLYGMDV,human,1
nat_hiv_00003,GFTFSDYN,,4,nat_hiv,hiv,ARGTLWFGESGLRLDH,hiv|ARGTLWFGESGLRLDH,human,1
nat_hiv_00006,GGSFSGYL,,6,nat_hiv,hiv,ARVVPMFSIFGVVKANYFDY,hiv|ARVVPMFSIFGVVKANYFDY,human,1
nat_hiv_00008,GGTFSSFA,,6,nat_hiv,hiv,TRGFRGSPFSSGSLYFDS,hiv|TRGFRGSPFSSGSLYFDS,human,1
nat_hiv_00010,GIPVTENS,,4,nat_hiv,hiv,AKSTPLVWPPANGLDV,hiv|AKSTPLVWPPANGLDV,human,1
nat_hiv_00012,GGIFKMYA,,0,nat_hiv,hiv,ARAVITDLHTFGDYELEDPSYYYMDV,hiv|ARAVITDLHTFGDYELEDPSYYYMDV,human,0
nat_hiv_00015,GDSITSGGYY,,6,nat_hiv,hiv,ARGGGYPRGNMDV,hiv|ARGGGYPRGNMDV,human,1
nat_hiv_00016,GFNFGDYA,,6,nat_hiv,hiv,ARDTTTFTTFGGGPNMGGFDP,hiv|ARDTTTFTTFGGGPNMGGFDP,human,1
nat_hiv_00017,GSTFANTFATFY,,6,nat_hiv,hiv,ARPYVQTVATTTFDF,hiv|ARPYVQTVATTTFDF,human,1
nat_hiv_00018,GYSFTNFY,,5,nat_hiv,hiv,ARPVVNTILPYCDV,hiv|ARPVVNTILPYCDV,human,1
nat_hiv_00019,GFPFTSSA,,6,nat_hiv,hiv,ARRGHSFTSPFDS,hiv|ARRGHSFTSPFDS,human,1
nat_hiv_00021,GASVRSTIYH,,5,nat_hiv,hiv,ASRRRSAWSPFDS,hiv|ASRRRSAWSPFDS,human,1
nat_hiv_00022,GFTFTDYY,,0,nat_hiv,hiv,ARDRMFWQQLAKYDS,hiv|ARDRMFWQQLAKYDS,human,0
nat_hiv_00028,GGTFTTDF,,6,nat_hiv,hiv,ARGDLLGYTDSWYEFDYYYMDV,hiv|ARGDLLGYTDSWYEFDYYYMDV,human,1
nat_hiv_00030,GFTFSNYN,,0,nat_hiv,hiv,ARERVLVVPDQDADYYYYFFDV,hiv|ARERVLVVPDQDADYYYYFFDV,human,0
nat_hiv_00037,QFNFISSA,,6,nat_hiv,hiv,SARGHSFSLPFDS,hiv|SARGHSFSLPFDS,human,1
nat_hiv_00041,EEILIRHA,,6,nat_hiv,hiv,ARMALPSGPLDRSGYYFDD,hiv|ARMALPSGPLDRSGYYFDD,human,1
nat_hiv_00043,GYPFTTFY,,5,nat_hiv,hiv,ARPAQAGVGPRPFDY,hiv|ARPAQAGVGPRPFDY,human,1
nat_hiv_00044,GASISNFY,,5,nat_hiv,hiv,AREKGQWLTVPPYYFDS,hiv|AREKGQWLTVPPYYFDS,human,1
nat_hiv_00045,GGSISTYY,,6,nat_hiv,hiv,ARHKSVLLWFRELDY,hiv|ARHKSVLLWFRELDY,human,1
nat_hiv_00049,GFTFSTSS,,5,nat_hiv,hiv,TKTGGLLRFPEV,hiv|TKTGGLLRFPEV,human,1
nat_hiv_00059,FFSNYG,,6,nat_hiv,hiv,ARDPQVNRRGNCFDH,hiv|ARDPQVNRRGNCFDH,human,1
nat_hiv_00060,GVRFSSNA,,4,nat_hiv,hiv,ASGRREGLNFLLDY,hiv|ASGRREGLNFLLDY,human,1
nat_hiv_00064,GGSISYYY,,6,nat_hiv,hiv,ARRRGQRLLAYFDY,hiv|ARRRGQRLLAYFDY,human,1
nat_hiv_00065,GFTFGGHA,,6,nat_hiv,hiv,ATRSPGGGYAFDI,hiv|ATRSPGGGYAFDI,human,1
nat_hiv_00066,GASIRSFY,,6,nat_hiv,hiv,ARADYDLLTSSYHFDS,hiv|ARADYDLLTSSYHFDS,human,1
nat_hiv_00067,GGSMISYY,,6,nat_hiv,hiv,ARLDGEAFRYYLDL,hiv|ARLDGEAFRYYLDL,human,1
nat_hiv_00077,GFTFPNAW,,6,nat_hiv,hiv,TTKYPAYYDILTGYYRNYYFDY,hiv|TTKYPAYYDILTGYYRNYYFDY,human,1
nat_hiv_00080,GGTFSSSS,,5,nat_hiv,hiv,ARLRRGYFDSGGDH,hiv|ARLRRGYFDSGGDH,human,1
nat_hiv_00081,GGSVNTGSSY,,6,nat_hiv,hiv,ARELSGEYHFWSGTYRYGVDV,hiv|ARELSGEYHFWSGTYRYGVDV,human,1
nat_hiv_00082,GGSITSGGYY,,6,nat_hiv,hiv,AREQKDYDFWNGLYKYGMDV,hiv|AREQKDYDFWNGLYKYGMDV,human,1
nat_hiv_00083,GFTFSSYS,,5,nat_hiv,hiv,ARGQRNVLHFLERKNDAFDI,hiv|ARGQRNVLHFLERKNDAFDI,human,1
nat_hiv_00088,GYSITNGYY,,6,nat_hiv,hiv,ARKRVTIFGVVDTPRGYFDY,hiv|ARKRVTIFGVVDTPRGYFDY,human,1
nat_hiv_00089,QYSFSAYN,,6,nat_hiv,hiv,ARDQLGRYSFGFVTGQNKVSAISD,hiv|ARDQLGRYSFGFVTGQNKVSAISD,human,1
nat_hiv_00093,GGTFSSYA,,6,nat_hiv,hiv,ARGPKSVASLSYFDK,hiv|ARGPKSVASLSYFDK,human,1
nat_hiv_00096,GYNFASHG,,0,nat_hiv,hiv,ARENYSDGWYEVGHFDL,hiv|ARENYSDGWYEVGHFDL,human,0
nat_hiv_00097,GGTFNIYA,,0,nat_hiv,hiv,ARDEGSWVEAADEWDEHLFREMAV,hiv|ARDEGSWVEAADEWDEHLFREMAV,human,0
nat_hiv_00103,GGTFNTYA,,0,nat_hiv,hiv,ASNYLIESRYDEKDYYYAMDV,hiv|ASNYLIESRYDEKDYYYAMDV,human,0
nat_hiv_00109,GFTFSSYA,,6,nat_hiv,hiv,ARGFHFWSGYGTRPRNWYFDL,hiv|ARGFHFWSGYGTRPRNWYFDL,human,1
nat_hiv_00112,GDSISSAESY,,6,nat_hiv,hiv,ARGRGSTFPSAQFSYFGLDV,hiv|ARGRGSTFPSAQFSYFGLDV,human,1
nat_hiv_00113,GVSISGQY,,5,nat_hiv,hiv,AKGGGYAVVGPKYGLDV,hiv|AKGGGYAVVGPKYGLDV,human,1
nat_hiv_00117,GGSVTINNHF,,6,nat_hiv,hiv,ARHIGAGGPYSEY,hiv|ARHIGAGGPYSEY,human,1
nat_hiv_00118,TFTSMSYT,,5,nat_hiv,hiv,AGRTTLVNFGVFDL,hiv|AGRTTLVNFGVFDL,human,1
nat_hiv_00125,GGSISTGAYS,,0,nat_hiv,hiv,ARDVYRGFSGYEGKRSGMDV,hiv|ARDVYRGFSGYEGKRSGMDV,human,0
nat_hiv_00126,GGIFRMYA,,6,nat_hiv,hiv,ARSVITDLHTFGDYESGDPSYYYMDV,hiv|ARSVITDLHTFGDYESGDPSYYYMDV,human,1
nat_hiv_00127,GFTFRNYA,,0,nat_hiv,hiv,ARDWIGYDYDGSGSHLRDESFDI,hiv|ARDWIGYDYDGSGSHLRDESFDI,human,0
nat_hiv_00129,GGSIGTTDHY,,5,nat_hiv,hiv,ARHRANYDFWGGSNLRGYFDP,hiv|ARHRANYDFWGGSNLRGYFDP,human,1
plos_hiv_00002,GGSLTNYY,,0,plos_hiv,hiv,ARLSVTEIPAAVFLDS,hiv|ARLSVTEIPAAVFLDS,human,0
plos_hiv_00004,GVTFRNYV,,4,plos_hiv,hiv,AGLSRPPDRWLGTQRAEYLQD,hiv|AGLSRPPDRWLGTQRAEYLQD,human,1
plos_hiv_00013,GGSLNSYT,,4,plos_hiv,hiv,ATDGRQIFGASNRSGMDV,hiv|ATDGRQIFGASNRSGMDV,human,1
plos_hiv_00016,GFTFDDYT,,0,plos_hiv,hiv,ARDECNGDCYSPHYYYYMDV,hiv|ARDECNGDCYSPHYYYYMDV,human,0
plos_hiv_00017,GFTFSSEA,,0,plos_hiv,hiv,AKGPLGRFLDF,hiv|AKGPLGRFLDF,human,0
plos_hiv_00018,GNIFAGYY,,4,plos_hiv,hiv,AANVVIPAARPLPRHFVA,hiv|AANVVIPAARPLPRHFVA,human,1
plos_hiv_00019,GNLFAGYY,,4,plos_hiv,hiv,AAILVIPGARPLPRHFDP,hiv|AAILVIPGARPLPRHFDP,human,1
plos_hiv_00024,GYIFTKYA,,0,plos_hiv,hiv,VASSLGY,hiv|VASSLGY,human,0
plos_hiv_00027,GDSLTNIGYY,,4,plos_hiv,hiv,ATGVVGATGYDFFYMDV,hiv|ATGVVGATGYDFFYMDV,human,1
plos_hiv_00030,GIIFNDYY,,4,plos_hiv,hiv,ARGGFGGNYYVRYFDL,hiv|ARGGFGGNYYVRYFDL,human,1
plos_hiv_00031,GGSLSGYY,,4,plos_hiv,hiv,ARAYLRYSNFVPKSAECDH,hiv|ARAYLRYSNFVPKSAECDH,human,1
plos_hiv_00032,GDSINNYY,,4,plos_hiv,hiv,ARDLTPVAPWSHFPVRNNFDP,hiv|ARDLTPVAPWSHFPVRNNFDP,human,1
plos_hiv_00033,GGIFSIYT,,4,plos_hiv,hiv,AAALISDDCATTICYLPFDS,hiv|AAALISDDCATTICYLPFDS,human,1
plos_hiv_00040,GGTFSNYG,,4,plos_hiv,hiv,ARARGVMTGARNTYFDL,hiv|ARARGVMTGARNTYFDL,human,1
plos_hiv_00041,GGSFNSFA,,4,plos_hiv,hiv,AKDKTLGQQMVRKTGDALDV,hiv|AKDKTLGQQMVRKTGDALDV,human,1
plos_hiv_00042,GYSLTEVS,,0,plos_hiv,hiv,AADRLGRRLGELTAGFDY,hiv|AADRLGRRLGELTAGFDY,human,0
plos_hiv_00046,GYAFTTHG,,4,plos_hiv,hiv,ARDVGRILGAPAPIFGGFHSYYGLDV,hiv|ARDVGRILGAPAPIFGGFHSYYGLDV,human,1
plos_hiv_00047,RDSFSDNG,,4,plos_hiv,hiv,ARRLTVRRGGIIERHYLMDV,hiv|ARRLTVRRGGIIERHYLMDV,human,1
